id,authors,first_author
cs-9308101v1,['M. L. Ginsberg'],'M. L. Ginsberg'
cs-9308102v1,['M. P. Wellman'],'M. P. Wellman'
cs-9309101v1,"['I. P. Gent', 'T. Walsh']",'I. P. Gent'
cs-9311101v1,"['F. Bergadano', 'D. Gunetti', 'U. Trinchero']",'F. Bergadano'
cs-9311102v1,"['J. C. Schlimmer', 'L. A. Hermens']",'J. C. Schlimmer'
cs-9312101v1,"['M. Buchheit', 'F. M. Donini', 'A. Schaerf']",'M. Buchheit'
cs-9401101v1,['N. Nilsson'],'N. Nilsson'
cs-9402101v1,['C. X. Ling'],'C. X. Ling'
cs-9402102v1,"['D. J. Cook', 'L. B. Holder']",'D. J. Cook'
cs-9402103v1,"['M. Koppel', 'R. Feldman', 'A. M. Segre']",'M. Koppel'
cs-9403101v1,"['P. M. Murphy', 'M. J. Pazzani']",'P. M. Murphy'
cs-9406101v1,"['A. Borgida', 'P. F. Patel-Schneider']",'A. Borgida'
cs-9406102v1,['R. Sebastiani'],'R. Sebastiani'
cs-9408101v1,"['A. J. Grove', 'J. Y. Halpern', 'D. Koller']",'A. J. Grove'
cs-9408102v1,"['T. Kitani', 'Y. Eriguchi', 'M. Hara']",'T. Kitani'
cs-9408103v1,"['S. K. Murthy', 'S. Kasif', 'S. Salzberg']",'S. K. Murthy'
cs-9409101v1,"['S. Safra', 'M. Tennenholtz']",'S. Safra'
cs-9412101v1,"['S. Soderland', 'Lehnert. W']",'S. Soderland'
cs-9412102v1,['W. L. Buntine'],'W. L. Buntine'
cs-9412103v1,"['S. Minton', 'J. Bresina', 'M. Drummond']",'S. Minton'
cs-9501101v1,"['T. G. Dietterich', 'G. Bakiri']",'T. G. Dietterich'
cs-9501102v1,"['S. Hanks', 'D. S. Weld']",'S. Hanks'
cs-9501103v1,['P. Cichosz'],'P. Cichosz'
cs-9503102v1,['P. D. Turney'],'P. D. Turney'
cs-9504101v1,"['S. K. Donoho', 'L. A. Rendell']",'S. K. Donoho'
cs-9505101v1,['P. David'],'P. David'
cs-9505102v1,"['A. Schaerf', 'Y. Shoham', 'M. Tennenholtz']",'A. Schaerf'
cs-9505103v1,"['S. J. Russell', 'D. Subramanian']",'S. J. Russell'
cs-9505104v1,['W. W. Cohen'],'W. W. Cohen'
cs-9505105v1,['W. W. Cohen'],'W. W. Cohen'
cs-9506101v1,"['M. Veloso', 'P. Stone']",'M. Veloso'
cs-9506102v1,"['R. J. Mooney', 'M. E. Califf']",'R. J. Mooney'
cs-9507101v1,"['R. Bergmann', 'W. Wilke']",'R. Bergmann'
cs-9508101v1,"['Q. Zhao', 'T. Nishida']",'Q. Zhao'
cs-9508102v1,"['C. G. Giraud-Carrier', 'T. R. Martinez']",'C. G. Giraud-Carrier'
cs-9510101v1,"['Y. Bengio', 'P. Frasconi']",'Y. Bengio'
cs-9510102v1,"['G. Pinkas', 'R. Dechter']",'G. Pinkas'
cs-9510103v1,"['K. Woods', 'D. Cook', 'L. Hall', 'K. Bowyer', 'L. Stark']",'K. Woods'
cs-9511101v1,"['S. B. Huffman', 'J. E. Laird']",'S. B. Huffman'
cs-9512101v1,['G. I. Webb'],'G. I. Webb'
cs-9512102v1,"['A. Broggi', 'S. Berte']",'A. Broggi'
cs-9512103v1,['P. Idestam-Almquist'],'P. Idestam-Almquist'
cs-9512104v1,"['D. Heckerman', 'R. Shachter']",'D. Heckerman'
cs-9512105v1,['R. Khardon'],'R. Khardon'
cs-9512106v1,['M. Buro'],'M. Buro'
cs-9512107v1,"['S. M. Weiss', 'N. Indurkhya']",'S. M. Weiss'
cs-9601101v1,"['P. vanBeek', 'D. W. Manchak']",'P. vanBeek'
cs-9602101v1,['G. Brewka'],'G. Brewka'
cs-9602102v1,"['A. L. Delcher', 'A. J. Grove', 'S. Kasif', 'J. Pearl']",'A. L. Delcher'
cs-9603101v1,['T. Hogg'],'T. Hogg'
cs-9603102v1,"['L. K. Saul', 'T. Jaakkola', 'M. I. Jordan']",'L. K. Saul'
cs-9603103v1,['J. R. Quinlan'],'J. R. Quinlan'
cs-9603104v1,"['D. A. Cohn', 'Z. Ghahramani', 'M. I. Jordan']",'D. A. Cohn'
cs-9604101v1,['T. Walsh'],'T. Walsh'
cs-9604102v1,['E. Marchiori'],'E. Marchiori'
cs-9604103v1,['D. Fisher'],'D. Fisher'
cs-9605101v1,['G. I. Webb'],'G. I. Webb'
cs-9605102v1,"['S. H. Nienhuys-Cheng', 'R. deWolf']",'S. H. Nienhuys-Cheng'
cs-9605103v1,"['L. P. Kaelbling', 'M. L. Littman', 'A. W. Moore']",'L. P. Kaelbling'
cs-9605104v1,"['J. Gratch', 'S. Chien']",'J. Gratch'
cs-9605105v1,"['P. Tadepalli', 'B. K. Natarajan']",'P. Tadepalli'
cs-9605106v1,"['L. Pryor', 'G. Collins']",'L. Pryor'
cs-9606101v1,"['S. Bhansali', 'G. A. Kramer', 'T. J. Hoar']",'S. Bhansali'
cs-9606102v1,"['R. I. Brafman', 'M. Tennenholtz']",'R. I. Brafman'
cs-9608103v1,"['K. Yip', 'F. Zhao']",'K. Yip'
cs-9608104v1,['R. Ben-Eliyahu'],'R. Ben-Eliyahu'
cs-9609101v1,"['A. Gerevini', 'L. Schubert']",'A. Gerevini'
cs-9609102v1,['D. J. Litman'],'D. J. Litman'
cs-9610101v1,"['G. Zlotkin', 'J. S. Rosenschein']",'G. Zlotkin'
cs-9610102v1,['J. R. Quinlan'],'J. R. Quinlan'
cs-9611101v1,"['R. A Helzerman', 'M. P. Harper']",'R. A Helzerman'
cs-9612101v1,"['N. L. Zhang', 'D. Poole']",'N. L. Zhang'
cs-9612102v1,"['J. C. Schlimmer', 'P. C. Wells']",'J. C. Schlimmer'
cs-9612103v1,['L. M. deCampos'],'L. M. deCampos'
cs-9701101v1,"['D. R. Wilson', 'T. R. Martinez']",'D. R. Wilson'
cs-9701102v1,"['S. Wermter', 'V. Weber']",'S. Wermter'
cs-9703101v1,"['G. DeGiacomo', 'M. Lenzerini']",'G. DeGiacomo'
cs-9704101v1,"['P. Agre', 'I. Horswill']",'P. Agre'
cs-9705101v1,"['A. Darwiche', 'G. Provan']",'A. Darwiche'
cs-9705102v1,"['D. W. Opitz', 'J. W. Shavlik']",'D. W. Opitz'
cs-9706101v1,"['M. E. Pollack', 'D. Joslin', 'M. Paolucci']",'M. E. Pollack'
cs-9706102v1,"['P. Jonsson', 'T. Drakengren']",'P. Jonsson'
cs-9707101v1,"['D. L. Mammen', 'T. Hogg']",'D. L. Mammen'
cs-9707102v1,"['T. Drakengren', 'P. Jonsson']",'T. Drakengren'
cs-9707103v1,['J. Y. Halpern'],'J. Y. Halpern'
cs-9709101v1,['M. Tambe'],'M. Tambe'
cs-9709102v1,"['C. G. Nevill-Manning', 'I. H. Witten']",'C. G. Nevill-Manning'
cs-9711102v1,"['L. H. Ihrig', 'S. Kambhampati']",'L. H. Ihrig'
cs-9711103v1,"['N. L. Zhang', 'W. Liu']",'N. L. Zhang'
cs-9711104v1,"['D. Monderer', 'M. Tennenholtz']",'D. Monderer'
cs-9712101v1,"['J. Frank', 'P. Cheeseman', 'J. Stutz']",'J. Frank'
cs-9712102v1,"['H. Kaindl', 'G. Kainz']",'H. Kaindl'
cs-9801101v1,"['G. Gogic', 'C. H. Papadimitriou', 'M. Sideri']",'G. Gogic'
cs-9801102v1,['J. Engelfriet'],'J. Engelfriet'
cs-9803101v1,"['B. Srivastava', 'S. Kambhampati']",'B. Srivastava'
cs-9803102v1,"['A. Moore', 'M. S. Lee']",'A. Moore'
cs-9803103v1,"['S. Argamon-Engelson', 'M. Koppel']",'S. Argamon-Engelson'
cs-9805101v1,['J. Fürnkranz'],'J. Fürnkranz'
cs-9806101v1,['A. Darwiche'],'A. Darwiche'
cs-9806102v1,"['L. Finkelstein', 'S. Markovitch']",'L. Finkelstein'
cs-9808101v1,"['M. L. Littman', 'J. Goldsmith', 'M. Mundhenk']",'M. L. Littman'
cs-9810016v1,['Ion Muslea'],'Ion Muslea'
cs-9811024v1,['Krzysztof R. Apt'],'Krzysztof R. Apt'
cs-9812010v1,"['Erik T. Mueller', 'Michael G. Dyer']",'Erik T. Mueller'
cs-9812017v1,"['Andreas Raggl', 'Wolfgang Slany']",'Andreas Raggl'
cs-9903016v1,"['N Friedman', 'J. Y. Halpern']",'N Friedman'
cs-9906002v1,['Stevan Harnad'],'Stevan Harnad'
cs-9909003v1,"['S. Mohanty', 'R. N. Behera']",'S. Mohanty'
cs-9910016v1,"['Juergen Dix', 'Mirco Nanni', 'VS Subrahmanian']",'Juergen Dix'
cs-9911012v2,['Joseph Y. Halpern'],'Joseph Y. Halpern'
cs-0002002v1,"['Marc Denecker', 'Victor W. Marek', 'Miroslaw Truszczynski']",'Marc Denecker'
cs-0002003v1,"['Deborah East', 'Miroslaw Truszczynski']",'Deborah East'
cs-0002009v1,['Luis M. Rocha'],'Luis M. Rocha'
cs-0003008v1,['Ken Satoh'],'Ken Satoh'
cs-0003012v1,['John L. Pollock'],'John L. Pollock'
cs-0003016v1,"[""Daniele Theseider Dupre'""]","""Daniele Theseider Dupre'"""
cs-0003020v2,['Antonis Kakas'],'Antonis Kakas'
cs-0003021v1,"['Samir Chopra', 'Konstantinos Georgatos', 'Rohit Parikh']",'Samir Chopra'
cs-0003023v1,['Thomas Lukasiewicz'],'Thomas Lukasiewicz'
cs-0003024v1,"['James P. Delgrande', 'Torsten Schaub', 'Hans Tompits']",'James P. Delgrande'
cs-0003027v1,['Bert Van Nuffelen'],'Bert Van Nuffelen'
cs-0003028v1,"['James P. Delgrande', 'Torsten Schaub', 'Hans Tompits']",'James P. Delgrande'
cs-0003029v1,"['Nedra Mellouli', 'Bernadette Bouchon-Meunier']",'Nedra Mellouli'
cs-0003030v1,"['Bert Van Nuffelen', 'Marc Denecker']",'Bert Van Nuffelen'
cs-0003031v1,"['Carmen Vodislav', 'Robert E. Mercer']",'Carmen Vodislav'
cs-0003032v1,"['Henrik Grosskreutz', 'Gerhard Lakemeyer']",'Henrik Grosskreutz'
cs-0003033v1,"['Ilkka Niemela', 'Patrik Simons', 'Tommi Syrjanen']",'Ilkka Niemela'
cs-0003034v2,"['Antonis Kakas', 'Rob Miller', 'Francesca Toni']",'Antonis Kakas'
cs-0003037v1,"['Uwe Egly', 'Thomas Eiter', 'Hans Tompits', 'Stefan Woltran']",'Uwe Egly'
cs-0003038v1,['Richard Watson'],'Richard Watson'
cs-0003039v1,"['Maarit Hietalahti', 'Fabio Massacci', 'Ilkka Niemela']",'Maarit Hietalahti'
cs-0003042v1,"['Yuliya Babovich', 'Esra Erdem', 'Vladimir Lifschitz']",'Yuliya Babovich'
cs-0003044v1,['Adnan Darwiche'],'Adnan Darwiche'
cs-0003047v1,"['Steffen Hoelldobler', 'Hans-Peter Stoerr']",'Steffen Hoelldobler'
cs-0003049v1,"['Antonis Kakas', 'Rob Miller', 'Francesca Toni']",'Antonis Kakas'
cs-0003051v1,['Renata Wassermann'],'Renata Wassermann'
cs-0003052v3,"['James Delgrande', 'Torsten Schaub']",'James Delgrande'
cs-0003059v1,"['Mary-Anne Williams', 'Aidan Sims']",'Mary-Anne Williams'
cs-0003061v1,"['Deborah East', 'Miroslaw Truszczynski']",'Deborah East'
cs-0003077v1,"['Deborah East', 'Miroslaw Truszczynski']",'Deborah East'
cs-0003080v1,['Krzysztof R. Apt'],'Krzysztof R. Apt'
cs-0005031v3,['Joseph Y. Halpern'],'Joseph Y. Halpern'
cs-0006043v1,"['S. Piechowiak', 'J. Rodriguez']",'S. Piechowiak'
cs-0007004v1,"['Alejandro Zunino', 'Analia Amandi']",'Alejandro Zunino'
cs-0010037v1,['Umberto Straccia'],'Umberto Straccia'
cs-0011012v3,"['Joseph Y. Halpern', 'Judea Pearl']",'Joseph Y. Halpern'
cs-0011030v1,"['Nikolay Pelov', 'Emmanuel De Mot', 'Marc Denecker']",'Nikolay Pelov'
cs-0105022v1,['Li Min Fu'],'Li Min Fu'
cs-0106006v1,"['Aspassia Daskalopulu', 'Marek Sergot']",'Aspassia Daskalopulu'
cs-0106007v1,"['Chris Reed', 'Aspassia Daskalopulu']",'Chris Reed'
cs-0106025v1,"['Yannis Dimopoulos', 'Antonis Kakas']",'Yannis Dimopoulos'
cs-0107002v1,"['Laurent Granvilliers', 'Eric Monfroy']",'Laurent Granvilliers'
cs-0109006v1,"['T. Eiter', 'M. Fink', 'G. Sabbatini', 'H. Tompits']",'T. Eiter'
cs-0111060v1,"['Ivo Kwee', 'Marcus Hutter', 'Juergen Schmidhuber']",'Ivo Kwee'
cs-0112015v1,['Moshe Tennenholtz'],'Moshe Tennenholtz'
cs-0201022v2,['Pierre Albarede'],'Pierre Albarede'
cs-0202021v1,"['Sarit Kraus', 'Daniel Lehmann', 'Menachem Magidor']",'Sarit Kraus'
cs-0202022v1,"['Daniel Lehmann', 'Menachem Magidor']",'Daniel Lehmann'
cs-0202024v1,['Daniel Lehmann'],'Daniel Lehmann'
cs-0202025v1,"['Daniel Lehmann', 'Menachem Magidor', 'Karl Schlechta']",'Daniel Lehmann'
cs-0202026v1,"['Shai Berger', 'Daniel Lehmann', 'Karl Schlechta']",'Shai Berger'
cs-0202031v1,"['Michael Freund', 'Daniel Lehmann']",'Michael Freund'
cs-0202033v1,['Daniel Lehmann'],'Daniel Lehmann'
cs-0203002v1,['Daniel Lehmann'],'Daniel Lehmann'
cs-0203003v1,"['Yuri Kaluzhny', 'Daniel Lehmann']",'Yuri Kaluzhny'
cs-0203004v1,['Daniel Lehmann'],'Daniel Lehmann'
cs-0203005v2,"['J. P. Delgrande', 'T. Schaub', 'H. Tompits']",'J. P. Delgrande'
cs-0203007v1,['Yan Zhang'],'Yan Zhang'
cs-0204032v1,"['Michael Freund', 'Daniel Lehmann']",'Michael Freund'
cs-0205014v1,"['Marc Denecker', 'Victor W. Marek', 'Miroslaw Truszczynski']",'Marc Denecker'
cs-0206003v1,['Yan Zhang'],'Yan Zhang'
cs-0206041v2,"['Jarmo Laaksolahti', 'Magnus Boman']",'Jarmo Laaksolahti'
cs-0207021v1,['Piero A. Bonatti'],'Piero A. Bonatti'
cs-0207023v2,"['Tran Cao Son', 'Chitta Baral', 'Nam Tran', 'Sheila McIlraith']",'Tran Cao Son'
cs-0207025v1,"['C. Cayrol', 'S. Doutre', 'M. -C. Lagasquie-Schiex', 'J. Mengin']",'C. Cayrol'
cs-0207029v2,['Alexander Bochman'],'Alexander Bochman'
cs-0207030v2,['Alexander Bochman'],'Alexander Bochman'
cs-0207042v1,['Gerhard Brewka'],'Gerhard Brewka'
cs-0207045v1,"['Adnan Darwiche', 'Pierre Marquis']",'Adnan Darwiche'
cs-0207056v1,"['Antonis Kakas', 'Loizos Michael']",'Antonis Kakas'
cs-0207059v1,['T. Bench-Capon'],'T. Bench-Capon'
cs-0207060v1,"['Torsten Schaub', 'Kewen Wang']",'Torsten Schaub'
cs-0207065v1,"['Dritan Berzati', 'Bernhard Anrig', 'Juerg Kohlas']",'Dritan Berzati'
cs-0207067v1,['Bart Verheij'],'Bart Verheij'
cs-0207075v1,['Thomas Lukasiewicz'],'Thomas Lukasiewicz'
cs-0207083v1,"['Henry E. Kyburg Jr.', 'Choh Man Teng']",'Henry E. Kyburg Jr.'
cs-0208017v1,['Yves Moinard'],'Yves Moinard'
cs-0208019v1,['Mikalai Birukou'],'Mikalai Birukou'
cs-0208034v3,"['Joseph Y. Halpern', 'Judea Pearl']",'Joseph Y. Halpern'
cs-0209019v1,"['T. Eiter', 'M. Fink', 'G. Sabbatini', 'H. Tompits']",'T. Eiter'
cs-0209022v2,['Carlos Gershenson'],'Carlos Gershenson'
cs-0210004v1,"['Salem Benferhat', 'Sylvain Lagrue', 'Odile Papini']",'Salem Benferhat'
cs-0211008v4,['Victor Eliashberg'],'Victor Eliashberg'
cs-0211027v1,['Carlos Gershenson'],'Carlos Gershenson'
cs-0211038v1,"['Carlos Gershenson', 'Pedro Pablo Gonzalez']",'Carlos Gershenson'
cs-0211039v1,"['Carlos Gershenson Garcia', 'Pedro Pablo Gonzalez Perez', 'Jose Negrete Martinez']",'Carlos Gershenson Garcia'
cs-0211040v1,"['Pedro Pablo Gonzalez Perez', 'Jose Negrete Martinez', 'Ariel Barreiro Garcia', 'Carlos Gershenson Garcia']",'Pedro Pablo Gonzalez Perez'
cs-0212025v1,"['Istvan Szita', 'Balint Takacs', 'Andras Lorincz']",'Istvan Szita'
cs-0301006v1,"['Balint Takacs', 'Istvan Szita', 'Andras Lorincz']",'Balint Takacs'
cs-0301010v2,"['Kewen Wang', 'Lizhu Zhou']",'Kewen Wang'
cs-0301023v1,"['Torsten Schaub', 'Kewen Wang']",'Torsten Schaub'
cs-0302029v1,"['Alejandro Javier Garcia', 'Guillermo Ricardo Simari']",'Alejandro Javier Garcia'
cs-0302036v2,"['Evgueni Petrov', 'Eric Monfroy']",'Evgueni Petrov'
cs-0302039v1,"['Barnabas Poczos', 'Andras Lorincz']",'Barnabas Poczos'
cs-0303006v1,['Carlos Gershenson'],'Carlos Gershenson'
cs-0303009v2,"['T. Janhunen', 'I. Niemela', 'D. Seipel', 'P. Simons', 'J. You']",'T. Janhunen'
cs-0303018v1,['Hedvig Sidenbladh'],'Hedvig Sidenbladh'
cs-0305001v1,"['Ambuj Mahanti', 'Supriyo Ghose', 'Samir K. Sadhukhan']",'Ambuj Mahanti'
cs-0305019v1,['Johan Schubert'],'Johan Schubert'
cs-0305044v2,"['Gert de Cooman', 'Marco Zaffalon']",'Gert de Cooman'
cs-0306124v1,"['Peter D. Grunwald', 'Joseph Y. Halpern']",'Peter D. Grunwald'
cs-0306135v1,"['Stephane Grandcolas', 'Laurent Henocque', 'Nicolas Prcovic']",'Stephane Grandcolas'
cs-0307010v2,['J Gerard Wolff'],'J Gerard Wolff'
cs-0307025v1,['J Gerard Wolff'],'J Gerard Wolff'
cs-0307048v2,['Amar Isli'],'Amar Isli'
cs-0307050v1,['Amar Isli'],'Amar Isli'
cs-0307056v1,"['Fahiem Bacchus', 'Adam Grove', 'Joseph Y. Halpern', 'Daphne Koller']",'Fahiem Bacchus'
cs-0307063v1,['J Gerard Wolff'],'J Gerard Wolff'
cs-0308002v3,"['Aleks Jakulin', 'Ivan Bratko']",'Aleks Jakulin'
cs-0309025v1,['Johan Schubert'],'Johan Schubert'
cs-0310023v1,"['Igor Bocharov', 'Pavel Lukin']",'Igor Bocharov'
cs-0310044v1,['Ali E. Abbas'],'Ali E. Abbas'
cs-0310045v1,['Ali E. Abbas'],'Ali E. Abbas'
cs-0310047v1,"['Simona Perri', 'Francesco Scarcello', 'Nicola Leone']",'Simona Perri'
cs-0310061v1,"['Lengning Liu', 'Miroslaw Truszczynski']",'Lengning Liu'
cs-0310062v1,"['Lengning Liu', 'Miroslaw Truszczynski']",'Lengning Liu'
cs-0311004v1,"['Ali Abbas', 'Jim Matheson']",'Ali Abbas'
cs-0311007v1,"['Simona Perri', 'Nicola Leone']",'Simona Perri'
cs-0311024v1,"['Viviana Mascardi', 'Maurizio Martelli', 'Leon Sterling']",'Viviana Mascardi'
cs-0311026v1,"['Francis C. Chu', 'Joseph Y. Halpern']",'Francis C. Chu'
cs-0311027v1,"['Francis C. Chu', 'Joseph Y. Halpern']",'Francis C. Chu'
cs-0311045v1,['J Gerard Wolff'],'J Gerard Wolff'
cs-0311051v1,['Amar Isli'],'Amar Isli'
cs-0312020v1,['Laurent Henocque'],'Laurent Henocque'
cs-0312040v1,"['Marcello Balduccini', 'Michael Gelfond']",'Marcello Balduccini'
cs-0312045v1,"['Paolo Ferraris', 'Vladimir Lifschitz']",'Paolo Ferraris'
cs-0312053v1,"['Victor W. Marek', 'Jeffrey B. Remmel']",'Victor W. Marek'
cs-0401009v1,['J Gerard Wolff'],'J Gerard Wolff'
cs-0402033v1,"['Fangzhen Lin', 'Jia-Huai You']",'Fangzhen Lin'
cs-0402035v1,['Jean-Marie Chauvet'],'Jean-Marie Chauvet'
cs-0402057v2,"['Sergio Alejandro Gomez', 'Carlos Ivan Chesñevar']",'Sergio Alejandro Gomez'
cs-0403002v2,"['Y. Loyer', 'U. Straccia']",'Y. Loyer'
cs-0403006v1,"['Carlos R. de la Mora B.', 'Carlos Gershenson', 'Angelica Garcia-Vega']",'Carlos R. de la Mora B.'
cs-0404011v1,"['G. Ianni', 'F. Calimeri', 'A. Pietramala', 'M. C. Santoro']",'G. Ianni'
cs-0404012v1,"['Francesco Calimeri', 'Nicola Leone']",'Francesco Calimeri'
cs-0404051v1,"['Jorge Lobo', 'Gisela Mendez', 'Stuart R. Taylor']",'Jorge Lobo'
cs-0405008v1,"['Ravi Jain', 'Ajith Abraham']",'Ravi Jain'
cs-0405009v1,['Ajith Abraham'],'Ajith Abraham'
cs-0405010v1,"['Ajith Abraham', 'Baikunth Nath']",'Ajith Abraham'
cs-0405011v1,['Ajith Abraham'],'Ajith Abraham'
cs-0405012v1,"['Ajith Abraham', 'Dan Steinberg']",'Ajith Abraham'
cs-0405013v1,"['Golam Sorwar', 'Ajith Abraham']",'Golam Sorwar'
cs-0405014v1,"['Andy AuYeung', 'Ajith Abraham']",'Andy AuYeung'
cs-0405016v1,"['Srinivas Mukkamala', 'Andrew H. Sung', 'Ajith Abraham', 'Vitorino Ramos']",'Srinivas Mukkamala'
cs-0405017v1,"['Marcin Paprzycki', 'Ajith Abraham', 'Ruiyuan Guo']",'Marcin Paprzycki'
cs-0405018v1,"['Ajith Abraham', 'Ninan Sajith Philip', 'P. Saratchandran']",'Ajith Abraham'
cs-0405019v1,"['Sonja Petrovic-Lazarevic', 'Ajith Abraham']",'Sonja Petrovic-Lazarevic'
cs-0405024v1,['Ajith Abraham'],'Ajith Abraham'
cs-0405025v1,"['Andy Auyeung', 'Ajith Abraham']",'Andy Auyeung'
cs-0405026v1,"['Cong Tran', 'Ajith Abraham', 'Lakhmi Jain']",'Cong Tran'
cs-0405028v1,['Ajith Abraham'],'Ajith Abraham'
cs-0405030v1,['Ajith Abraham'],'Ajith Abraham'
cs-0405031v1,"['Cong Tran', 'Lakhmi Jain', 'Ajith Abraham']",'Cong Tran'
cs-0405032v1,['Ajith Abraham'],'Ajith Abraham'
cs-0405033v1,['Ajith Abraham'],'Ajith Abraham'
cs-0405049v1,"['Ron Edwards', 'Ajith Abraham', 'Sonja Petrovic-Lazarevic']",'Ron Edwards'
cs-0405050v1,"['Miao M. Chong', 'Ajith Abraham', 'Marcin Paprzycki']",'Miao M. Chong'
cs-0405051v1,"['Muhammad Riaz Khan', 'Ajith Abraham']",'Muhammad Riaz Khan'
cs-0405052v1,"['Cong Tran', 'Ajith Abraham', 'Lakhmi Jain']",'Cong Tran'
cs-0405071v1,"['Le-Chi Tuan', 'Chitta Baral', 'Tran Cao Son']",'Le-Chi Tuan'
cs-0405090v1,['Michael J. Maher'],'Michael J. Maher'
cs-0405106v1,"['Carlos Iván Chesñevar', 'Guillermo Ricardo Simari', 'Alejandro Javier García']",'Carlos Iván Chesñevar'
cs-0405113v2,['Andrea Severe'],'Andrea Severe'
cs-0406038v1,"['Vladan Vuckovic', 'Djordje Vidanovic']",'Vladan Vuckovic'
cs-0407008v1,"['S. Ravichandran', 'M. N. Karthik']",'S. Ravichandran'
cs-0407037v1,"['Ambedkar Dukkipati', 'M. Narasimha Murty', 'Shalabh Bhatnagar']",'Ambedkar Dukkipati'
cs-0407040v1,"['W. J. van Hoeve', 'M. Milano']",'W. J. van Hoeve'
cs-0407042v1,"['Willem Jan van Hoeve', 'Michela Milano']",'Willem Jan van Hoeve'
cs-0407044v1,"['M. Milano', 'W. J. van Hoeve']",'M. Milano'
cs-0408010v5,"['Florentin Smarandache', 'Jean Dezert']",'Florentin Smarandache'
cs-0408021v2,"['Florentin Smarandache', 'Jean Dezert']",'Florentin Smarandache'
cs-0408044v1,['Michael Thielscher'],'Michael Thielscher'
cs-0408055v1,"['Ambedkar Dukkipati', 'M. Narasimha Murty', 'Shalabh Bhatnagar']",'Ambedkar Dukkipati'
cs-0408064v3,"['Florentin Smarandache', 'Jean Dezert']",'Florentin Smarandache'
cs-0409007v1,"['Jean Dezert', 'Florentin Smarandache', 'Milan Daniel']",'Jean Dezert'
cs-0409040v3,['Florentin Smarandache'],'Florentin Smarandache'
cs-0410014v1,"['Stefania Costantini', 'Alessandro Provetti']",'Stefania Costantini'
cs-0410033v2,['Florentin Smarandache'],'Florentin Smarandache'
cs-0410049v1,['Joseph Y. Halpern'],'Joseph Y. Halpern'
cs-0410050v1,['Joseph Y. Halpern'],'Joseph Y. Halpern'
cs-0411015v1,['Ziny Flikop'],'Ziny Flikop'
cs-0411034v2,['Balaram Das'],'Balaram Das'
cs-0411071v1,"['Hedvig Sidenbladh', 'Pontus Svenson', 'Johan Schubert']",'Hedvig Sidenbladh'
cs-0411072v1,['Pontus Svenson'],'Pontus Svenson'
cs-0412091v1,"['Florentin Smarandache', 'Jean Dezert']",'Florentin Smarandache'
cs-0501068v1,"['Olivier Aycard', 'Jean-Francois Mari', 'Richard Washington']",'Olivier Aycard'
cs-0501072v1,"['Dominique Dutoit', 'Thierry Poibeau']",'Dominique Dutoit'
cs-0501084v1,"['Thomas Eiter', 'Axel Polleres']",'Thomas Eiter'
cs-0501086v1,"['Peter M. Kruse', 'Andre Naujoks', 'Dietmar Roesner', 'Manuela Kunze']",'Peter M. Kruse'
cs-0501089v1,"['Manuela Kunze', 'Dietmar Roesner']",'Manuela Kunze'
cs-0501093v1,"['Manuela Kunze', 'Dietmar Roesner']",'Manuela Kunze'
cs-0501094v2,"['Manuela Kunze', 'Dietmar Roesner']",'Manuela Kunze'
cs-0501095v1,"['Manuela Kunze', 'Dietmar Roesner']",'Manuela Kunze'
cs-0501096v1,"['Dietmar Roesner', 'Manuela Kunze', 'Sylke Kroetzsch']",'Dietmar Roesner'
cs-0502060v1,['J. -Ph Rennard'],'J. -Ph Rennard'
cs-0504064v1,"['Vitaly Schetinin', 'Joachim Schult', 'Anatoly Brazhnikov']",'Vitaly Schetinin'
cs-0504065v1,"['Vitaly Schetinin', 'Jonathan E. Fieldsend', 'Derek Partridge', 'Wojtek J. Krzanowski', 'Richard M. Everson', 'Trevor C. Bailey', 'Adolfo Hernandez']",'Vitaly Schetinin'
cs-0504066v1,"['Vitaly Schetinin', 'Jonathan E. Fieldsend', 'Derek Partridge', 'Wojtek J. Krzanowski', 'Richard M. Everson', 'Trevor C. Bailey', 'Adolfo Hernandez']",'Vitaly Schetinin'
cs-0504071v1,"['Byeong Ho Kang', 'Achim Hoffmann', 'Takahira Yamaguchi', 'Wai Kiang Yeap']",'Byeong Ho Kang'
cs-0505018v1,"['Jean-Francois Mari', 'Florence Le Ber']",'Jean-Francois Mari'
cs-0505081v1,"['Sabine Bruaux', 'Gilles Kassel', 'Gilles Morel']",'Sabine Bruaux'
cs-0506031v1,"['Patrick Albert', 'Laurent Henocque', 'Mathias Kleiner']",'Patrick Albert'
cs-0507010v1,['Jiayang Wang'],'Jiayang Wang'
cs-0507023v1,"['Luis O. Rigo Jr.', 'Valmir C. Barbosa']",'Luis O. Rigo Jr.'
cs-0507029v1,"['Samuel Landau', 'Olivier Sigaud', 'Marc Schoenauer']",'Samuel Landau'
cs-0508132v1,"['Tran Cao Son', 'Enrico Pontelli']",'Tran Cao Son'
cs-0509011v1,"['Zengyou He', 'Xiaofei Xu', 'Shengchun Deng']",'Zengyou He'
cs-0509033v1,"['Zengyou He', 'Xiaofei Xu', 'Shengchun Deng', 'Bin Dong']",'Zengyou He'
cs-0510050v1,['Gilles Kassel'],'Gilles Kassel'
cs-0510062v1,"['Jamal Saboune', 'François Charpillet']",'Jamal Saboune'
cs-0510063v1,"['Jamal Saboune', 'François Charpillet']",'Jamal Saboune'
cs-0510079v2,"['Joseph Y. Halpern', 'Riccardo Pucella']",'Joseph Y. Halpern'
cs-0510083v1,"['Nizar Kerkeni', 'Frederic Alexandre', 'Mohamed Hedi Bedoui', 'Laurent Bougrain', 'Mohamed Dogui']",'Nizar Kerkeni'
cs-0510091v1,"['Marc Schoenauer', 'Yann Semet']",'Marc Schoenauer'
cs-0511004v1,"['Aguston E. Eiben', 'Marc Schoenauer']",'Aguston E. Eiben'
cs-0511015v2,[' Prashant'],' Prashant'
cs-0511091v1,"['Carlos Kavka', 'Patricia Roggero', 'Marc Schoenauer']",'Carlos Kavka'
cs-0512045v2,"['Xuan-Ha Vu', 'Marius-Calin Silaghi', 'Djamila Sam-Haroud', 'Boi Faltings']",'Xuan-Ha Vu'
cs-0512047v2,"['Jose L. Salmeron', 'Florentin Smarandache']",'Jose L. Salmeron'
cs-0512099v1,['Mark Burgin'],'Mark Burgin'
cs-0601001v2,['Jens Oehlschlägel'],'Jens Oehlschlägel'
cs-0601031v1,"['Marc Schoenauer', 'Pierre Savéant', 'Vincent Vidal']",'Marc Schoenauer'
cs-0601052v1,['Subhash Kak'],'Subhash Kak'
cs-0601109v3,"['Neil Yorke-Smith', 'Carmen Gervet']",'Neil Yorke-Smith'
cs-0602022v1,"['Alain Ratle', 'Michèle Sebag']",'Alain Ratle'
cs-0602031v1,['Wit Jakuczun'],'Wit Jakuczun'
cs-0603025v2,"['Stijn Heymans', 'Davy Van Nieuwenborgh', 'Dirk Vermeir']",'Stijn Heymans'
cs-0603034v1,"['Andreas Herzig', 'Ivan Varzinczak']",'Andreas Herzig'
cs-0603038v2,"['Patrik O. Hoyer', 'Shohei Shimizu', 'Antti J. Kerminen']",'Patrik O. Hoyer'
cs-0603081v1,"['Nikita A. Sakhanenko', 'George F. Luger', 'Hanna E. Makaruk', 'David B. Holtkamp']",'Nikita A. Sakhanenko'
cs-0603120v1,['Zengyou He'],'Zengyou He'
cs-0604009v1,['Alexey V. Melkikh'],'Alexey V. Melkikh'
cs-0604042v1,"['M. C. Florea', 'J. Dezert', 'P. Valin', 'F. Smarandache', 'Anne-Laure Jousselme']",'M. C. Florea'
cs-0604070v2,"['Yongzhi Cao', 'Mingsheng Ying', 'Guoqing Chen']",'Yongzhi Cao'
cs-0604086v1,"['Thomas Eiter', 'Michael Fink', 'Hans Tompits']",'Thomas Eiter'
cs-0605012v2,"['L. Steels', 'M. Loetzsch']",'L. Steels'
cs-0605017v1,"['Phan Huy Tu', 'Tran Cao Son', 'Chitta Baral']",'Phan Huy Tu'
cs-0605055v1,"['David Bellot', 'Pierre Bessiere']",'David Bellot'
cs-0605108v2,"['Fuchun Liu', 'Daowen Qiu', 'Hongyan Xing', 'Zhujun Fan']",'Fuchun Liu'
cs-0605123v1,['Jaime S. Cardoso'],'Jaime S. Cardoso'
cs-0606020v2,"['Vadim Astakhov', 'Tamara Astakhova', 'Brian Sanders']",'Vadim Astakhov'
cs-0606029v1,['Audun Josang'],'Audun Josang'
cs-0606066v1,['Audun Josang'],'Audun Josang'
cs-0606081v3,['Juergen Schmidhuber'],'Juergen Schmidhuber'
cs-0607005v2,"['Florentin Smarandache', 'Jean Dezert']",'Florentin Smarandache'
cs-0607071v1,"['H. Fang', 'Y. Kilani', 'J. H. M. Lee', 'P. J. Stuckey']",'H. Fang'
cs-0607084v1,"['Daniel Kayser', 'Farid Nouioua']",'Daniel Kayser'
cs-0607086v1,"['Daniel Kayser', 'Farid Nouioua']",'Daniel Kayser'
cs-0607143v1,"['Jean Dezert', 'Albena Tchamova', 'Florentin Smarandache', 'Pavlina Konstantinova']",'Jean Dezert'
cs-0607147v2,"['Florentin Smarandache', 'Jean Dezert']",'Florentin Smarandache'
cs-0608002v1,"['Florentin Smarandache', 'Jean Dezert']",'Florentin Smarandache'
cs-0608019v1,['Sebastian Brand'],'Sebastian Brand'
cs-0608028v1,['Joseph Y. Halpern'],'Joseph Y. Halpern'
cs-0609111v2,"['Le-Chi Tuan', 'Chitta Baral', 'Tran Cao Son']",'Le-Chi Tuan'
cs-0609132v1,['Jochen Gruber'],'Jochen Gruber'
cs-0609136v1,"['Adeline Nazarenko', 'Erick Alphonse', 'Julien Derivière', 'Thierry Hamon', 'Guillaume Vauvert', 'Davy Weissenbacher']",'Adeline Nazarenko'
cs-0609142v1,['Bruno Scherrer'],'Bruno Scherrer'
cs-0610006v2,['Adrian Paschke'],'Adrian Paschke'
cs-0610015v1,['Farid Nouioua'],'Farid Nouioua'
cs-0610023v1,"['Farid Nouioua', 'Daniel Kayser']",'Farid Nouioua'
cs-0610043v1,['Zengyou He'],'Zengyou He'
cs-0610060v1,"['Mark Levene', 'Judit Bar-Ilan']",'Mark Levene'
cs-0610111v3,"['Kyomin Jung', 'Devavrat Shah']",'Kyomin Jung'
cs-0610140v1,"['Leonid Makarov', 'Peter Komarov']",'Leonid Makarov'
cs-0610156v1,"[""Mathieu D'Aquin"", 'Fadi Badra', 'Sandrine Lafrogne', 'Jean Lieber', 'Amedeo Napoli', 'Laszlo Szathmary']","""Mathieu D'Aquin"""
cs-0610165v1,"['Fuchun Liu', 'Daowen Qiu', 'Hongyan Xing', 'Zhujun Fan']",'Fuchun Liu'
cs-0610175v1,"['Jean Dezert', 'Florentin Smarandache']",'Jean Dezert'
cs-0611047v1,['Adrian Paschke'],'Adrian Paschke'
cs-0611085v1,"['Timothy R. McJunkin', 'Jill R. Scott']",'Timothy R. McJunkin'
cs-0611118v2,"['Haibin Wang', 'Andre Rogatko', 'Florentin Smarandache', 'Rajshekhar Sunderraman']",'Haibin Wang'
cs-0611135v1,"['Christian Gagné', 'Marc Schoenauer', 'Michèle Sebag', 'Marco Tomassini']",'Christian Gagné'
cs-0611138v1,"['Vojtech Krmicek', 'Michèle Sebag']",'Vojtech Krmicek'
cs-0611141v1,"['Peter Tiedemann', 'Henrik Reif Andersen', 'Rasmus Pagh']",'Peter Tiedemann'
cs-0612056v1,['U. Gayathree'],'U. Gayathree'
cs-0612057v1,['U. Gayathree'],'U. Gayathree'
cs-0612068v1,"['Esben Rune Hansen', 'Henrik Reif Andersen']",'Esben Rune Hansen'
cs-0612109v2,"['Vicenc Gomez', 'J. M. Mooij', 'H. J. Kappen']",'Vicenc Gomez'
cs-0701013v1,"['Zengyou He', 'Xaiofei Xu', 'Shengchun Deng']",'Zengyou He'
cs-0701184v2,"['Joerg Hoffmann', 'Carla Gomes', 'Bart Selman']",'Joerg Hoffmann'
cs-0702028v2,"['Florentin Smarandache', 'Jean Dezert']",'Florentin Smarandache'
cs-0702170v1,"['Peter Tiedemann', 'Henrik Reif Andersen', 'Rasmus Pagh']",'Peter Tiedemann'
cs-0703060v1,"['Jose L. Salmeron', 'Florentin Smarandache']",'Jose L. Salmeron'
cs-0703124v1,"['Cheng-Yuan Liou', 'Tai-Hei Wu', 'Chia-Ying Lee']",'Cheng-Yuan Liou'
cs-0703130v1,"['Omar Doukari', 'Robert Jeansoulin']",'Omar Doukari'
cs-0703156v1,"[""Mathieu D'Aquin"", 'Fadi Badra', 'Sandrine Lafrogne', 'Jean Lieber', 'Amedeo Napoli', 'Laszlo Szathmary']","""Mathieu D'Aquin"""
cs-9503101v1,['J. Ortega'],'J. Ortega'
cs-9710101v1,"['L. Leherte', 'J. Glasgow', 'K. Baxter', 'E. Steeg', 'S. Fortier']",'L. Leherte'
cs-9808001v1,['M. Chaves'],'M. Chaves'
cs-9808005v1,"['Nir Friedman', 'Joseph Y. Halpern', 'Daphne Koller']",'Nir Friedman'
cs-9808006v2,['Joseph Y. Halpern'],'Joseph Y. Halpern'
cs-9808007v1,"['Nir Friedman', 'Joseph Y. Halpern']",'Nir Friedman'
cs-9809013v1,"['Fahiem Bacchus', 'Joseph Y. Halpern', 'Hector J. Levesque']",'Fahiem Bacchus'
cs-9809032v1,"['Victor W. Marek', 'Miroslaw Truszczynski']",'Victor W. Marek'
cs-9809034v1,"['Yannis Labrou', 'Tim Finin']",'Yannis Labrou'
cs-9809108v1,"['Jose M. Vidal', 'Edmund H. Durfee']",'Jose M. Vidal'
cs-9809121v1,['Neil C. Rowe'],'Neil C. Rowe'
cs-9810005v1,"['Tuomas Sandholm', 'Kate Larson', 'Martin Andersson', 'Onn Shehory', 'Fernando Tohme']",'Tuomas Sandholm'
cs-9810018v1,['Krzysztof R. Apt'],'Krzysztof R. Apt'
cs-9811029v1,"['I. Ivanisevic', 'V. Lumelsky']",'I. Ivanisevic'
cs-9812022v1,"['G. Gottlob', 'N. Leone', 'F. Scarcello']",'G. Gottlob'
cs-9901001v1,"['Jonathan Baxter', 'Andrew Tridgell', 'Lex Weaver']",'Jonathan Baxter'
cs-9901002v1,"['Jonathan Baxter', 'Andrew Tridgell', 'Lex Weaver']",'Jonathan Baxter'
cs-9901003v1,"['M. Denecker', 'V. Marek', 'M. Truszczynski']",'M. Denecker'
cs-9901012v1,"['Pawel Cholewinski', 'Miroslaw Truszczynski']",'Pawel Cholewinski'
cs-9901016v1,"['Victor Marek', 'Jan Treur', 'Miroslaw Truszczynski']",'Victor Marek'
cs-9904004v1,"['Mark Lee', 'John Barnden']",'Mark Lee'
cs-9906006v2,"[""Khalil Sima'an""]","""Khalil Sima'an"""
cs-9906010v1,['Victor Makarov'],'Victor Makarov'
cs-9906016v1,"['Ken Samuel', 'Sandra Carberry', 'K. Vijay-Shanker']",'Ken Samuel'
cs-9906019v2,"['G. Petasis', 'G. Paliouras', 'V. Karkaletsis', 'C. D. Spyropoulos', 'I. Androutsopoulos']",'G. Petasis'
cs-9907026v1,"['Emanuele Pianta', 'Lucia M. Tovena']",'Emanuele Pianta'
cs-9907032v2,"['Michael Fisher', 'Clare Dixon', 'Martin Peim']",'Michael Fisher'
cs-9908004v1,['Patrik Simons'],'Patrik Simons'
cs-9909009v1,['Krzysztof R. Apt'],'Krzysztof R. Apt'
cs-9909010v1,"['Krzysztof R. Apt', 'Eric Monfroy']",'Krzysztof R. Apt'
cs-9909014v1,"['Joseph Y. Halpern', 'Richard A. Shore']",'Joseph Y. Halpern'
cs-9909019v1,"['A. R. Lomuscio', 'R. van der Meyden', 'M. D. Ryan']",'A. R. Lomuscio'
cs-9910015v3,['Naren Ramakrishnan'],'Naren Ramakrishnan'
cs-9912008v2,['Marcus Hutter'],'Marcus Hutter'
cs-0001002v1,['Wlodek Zadrozny'],'Wlodek Zadrozny'
cs-0001015v1,"['Joseph Y. Halpern', 'Gerhard Lakemeyer']",'Joseph Y. Halpern'
cs-0002001v2,['Miroslaw Truszczynski'],'Miroslaw Truszczynski'
cs-0002014v1,"['Robert Ghrist', 'Daniel Koditschek']",'Robert Ghrist'
cs-0002015v1,"['P. Nicolas', 'F. Saubion', 'I. Stephan']",'P. Nicolas'
cs-0002016v3,"['Yi-Dong Shen', 'Li-Yan Yuan', 'Jia-Huai You']",'Yi-Dong Shen'
cs-0003003v1,['Erik T. Mueller'],'Erik T. Mueller'
cs-0003004v1,['Erik T. Mueller'],'Erik T. Mueller'
cs-0003007v1,"['Ken Satoh', 'Hidenori Okamoto']",'Ken Satoh'
cs-0003009v1,['Gabriele Kern-Isberner'],'Gabriele Kern-Isberner'
cs-0003011v2,"['Stuart C. Shapiro', 'Frances L. Johnson']",'Stuart C. Shapiro'
cs-0003013v1,"['G. Antoniou', 'D. Billigton', 'G. Governatori', 'M. J. Maher']",'G. Antoniou'
cs-0003014v2,"['Raymond Lau', 'Arthur H. M. ter Hofstede', 'Peter D. Bruza']",'Raymond Lau'
cs-0003015v2,['Thomas Meyer'],'Thomas Meyer'
cs-0003017v2,['Richard Booth'],'Richard Booth'
cs-0003018v1,"['I. Stephan', 'F. Saubion', 'P. Nicolas']",'I. Stephan'
cs-0003019v1,['Marc Denecker'],'Marc Denecker'
cs-0003022v1,['Horacio Arlo-Costa'],'Horacio Arlo-Costa'
cs-0003025v1,['Maurice Bruynooghe'],'Maurice Bruynooghe'
cs-0003035v1,['Gerhard Brewka'],'Gerhard Brewka'
cs-0003036v1,"['Thomas Eiter', 'Wolfgang Faber', 'Christoph Koch', 'Nicola Leone', 'Gerald Pfeifer']",'Thomas Eiter'
cs-0003040v1,"['Frances L. Johnson', 'Stuart C. Shapiro']",'Frances L. Johnson'
cs-0003041v1,"['Luc Bovens', 'Stephan Hartmann']",'Luc Bovens'
cs-0003046v1,"['Yi-Dong Shen', 'Li-Yan Yuan', 'Jia-Huai You', 'Neng-Fa Zhou']",'Yi-Dong Shen'
cs-0003048v1,"['Pedro Cabalar', 'Manuel Cabarcos', 'Ramon P. Otero']",'Pedro Cabalar'
cs-0003050v1,"['Alberto Artosi', 'Guido Governatori']",'Alberto Artosi'
cs-0003056v1,['Marc Denecker'],'Marc Denecker'
cs-0003057v1,"['L. Castro', 'D. Warren']",'L. Castro'
cs-0003067v1,"['Maurice Bruynooghe', 'Henk Vandecasteele', 'D. Andre de Waal', 'Marc Denecker']",'Maurice Bruynooghe'
cs-0003073v1,"['Chitta Baral', 'Miroslaw Truszczynski']",'Chitta Baral'
cs-0003076v2,"['Krzysztof R. Apt', 'Eric Monfroy']",'Krzysztof R. Apt'
cs-0003082v1,"['G. Antoniou', 'D. Billington', 'G. Governatori', 'M. J. Maher']",'G. Antoniou'
cs-0004003v2,['David Eppstein'],'David Eppstein'
cs-0005008v1,['Krzysztof R. Apt'],'Krzysztof R. Apt'
cs-0005010v1,['Patrik Simons'],'Patrik Simons'
cs-0005011v1,"['Ke Xu', 'Wei Li']",'Ke Xu'
cs-0005012v1,"['Ian Horrocks', 'Stephan Tobies']",'Ian Horrocks'
cs-0005013v1,"['Ian Horrocks', 'Ulrike Sattler', 'Stephan Tobies']",'Ian Horrocks'
cs-0005014v1,"['Ian Horrocks', 'Ulrike Sattler', 'Stephan Tobies']",'Ian Horrocks'
cs-0005017v1,"['Ian Horrock', 'Ulrike Sattler', 'Stephan Tobies']",'Ian Horrock'
cs-0005021v1,['A. Guergachi'],'A. Guergachi'
cs-0005024v2,"['Ke Xu', 'Wei Li']",'Ke Xu'
cs-0005030v1,['Joseph Y. Halpern'],'Joseph Y. Halpern'
cs-0006009v1,"['Joseph Y. Halpern', 'Yoram Moses']",'Joseph Y. Halpern'
cs-0006013v1,"['Ion Androutsopoulos', 'John Koutsias', 'Konstantinos V. Chandrinos', 'George Paliouras', 'Constantine D. Spyropoulos']",'Ion Androutsopoulos'
cs-0006031v1,"['Yi-Dong Shen', 'Li-Yan Yuan', 'Jia-Huai You']",'Yi-Dong Shen'
cs-0006041v1,"['Jordi Atserias', 'Irene Castellon', 'Montse Civit', 'German Rigau']",'Jordi Atserias'
cs-0006042v1,"['Jordi Atserias', 'Irene Castellon', 'Montse Civit', 'German Rigau']",'Jordi Atserias'
cs-0007010v1,"['Gerard Escudero', 'Lluis Marquez', 'German Rigau']",'Gerard Escudero'
cs-0007011v1,"['Gerard Escudero', 'Lluis Marquez', 'German Rigau']",'Gerard Escudero'
cs-0007012v1,"['Francis Wolinski', 'Frantz Vichot', 'Mathieu Stricker']",'Francis Wolinski'
cs-0007016v1,"['Mathieu Stricker', 'Frantz Vichot', 'Gerard Dreyfus', 'Francis Wolinski']",'Mathieu Stricker'
cs-0007032v1,['Konstantinos Georgatos'],'Konstantinos Georgatos'
cs-0007033v1,['Konstantinos Georgatos'],'Konstantinos Georgatos'
cs-0007038v1,['Konstantinos Georgatos'],'Konstantinos Georgatos'
cs-0007039v1,['Konstantinos Georgatos'],'Konstantinos Georgatos'
cs-0007040v1,['Konstantinos Georgatos'],'Konstantinos Georgatos'
cs-0008016v1,"['Joerg Spilker', 'Martin Klarner', 'Guenther Goerz']",'Joerg Spilker'
cs-0008020v1,"['Massimiliano Ciaramita', 'Mark Johnson']",'Massimiliano Ciaramita'
cs-0009016v1,['Christof Monz'],'Christof Monz'
cs-0009017v1,"['Christof Monz', 'Maarten de Rijke']",'Christof Monz'
cs-0009018v1,"['Christof Monz', 'Maarten de Rijke']",'Christof Monz'
cs-0009019v1,['Christof Monz'],'Christof Monz'
cs-0009022v1,"['Gerard Escudero', 'Lluis Marquez', 'German Rigau']",'Gerard Escudero'
cs-0010032v2,"['Stefan Brass', 'Juergen Dix', 'Teodor C. Przymusinski']",'Stefan Brass'
cs-0011042v1,['Hudson Turner'],'Hudson Turner'
cs-0012004v1,"['Fatma Ozcan', 'VS Subrahmanian', 'Juergen Dix']",'Fatma Ozcan'
cs-0012010v1,['Krzysztof R. Apt'],'Krzysztof R. Apt'
cs-0012020v1,"['Daniele Quintella Mendes', 'Luis Alfredo Vidal de Carvalho']",'Daniele Quintella Mendes'
cs-0102014v1,"['Ninan Sajeeth Philip', 'K. Babu Joseph']",'Ninan Sajeeth Philip'
cs-0102027v3,['Candida Ferreira'],'Candida Ferreira'
cs-0103020v1,"['Nir Friedman', 'Joseph Y. Halpern']",'Nir Friedman'
cs-0104017v1,['Andrea Schaerf'],'Andrea Schaerf'
cs-0104020v1,"['Radu Florian', 'John C. Henderson', 'Grace Ngai']",'Radu Florian'
cs-0105003v1,"['Grace Ngai', 'David Yarowsky']",'Grace Ngai'
cs-0105015v1,['W. J. van Hoeve'],'W. J. van Hoeve'
cs-0105017v1,"['Marshall Bern', 'David Eppstein']",'Marshall Bern'
cs-0105036v2,"['Francesco Buccafurri', 'Wolfgang Faber', 'Nicola Leone']",'Francesco Buccafurri'
cs-0106004v1,['Hana Rudova'],'Hana Rudova'
cs-0106005v1,"['Aspassia Daskalopulu', 'Marek Sergot']",'Aspassia Daskalopulu'
cs-0106008v1,['M. H. van Emden'],'M. H. van Emden'
cs-0106010v1,['Aspassia Daskalopulu'],'Aspassia Daskalopulu'
cs-0106031v1,['Stephan Tobies'],'Stephan Tobies'
cs-0106040v1,"['G. Sakkis', 'I. Androutsopoulos', 'G. Paliouras', 'V. Karkaletsis', 'C. D. Spyropoulos', 'P. Stamatopoulos']",'G. Sakkis'
cs-0107013v2,['Krzysztof R. Apt'],'Krzysztof R. Apt'
cs-0107026v1,"['Victor Marek', 'Inna Pivkina', 'Miroslaw Truszczynski']",'Victor Marek'
cs-0107027v2,"['Zbigniew Lonc', 'Miroslaw Truszczynski']",'Zbigniew Lonc'
cs-0107028v1,"['Deborah East', 'Miroslaw Truszczynski']",'Deborah East'
cs-0107029v1,['Deborah East. Miroslaw Truszczynski'],'Deborah East. Miroslaw Truszczynski'
cs-0108008v1,"['T. Eiter', 'M. Fink', 'G. Sabbatini', 'H. Tompits']",'T. Eiter'
cs-0108013v2,['Stefan Ratschan'],'Stefan Ratschan'
cs-0109014v1,['Janet van der Linden'],'Janet van der Linden'
cs-0109022v1,"['Tomas Muller', 'Roman Bartak']",'Tomas Muller'
cs-0109023v1,"['Jordi Atserias', 'Lluis Padro', 'German Rigau']",'Jordi Atserias'
cs-0109025v1,['Roman Bartak'],'Roman Bartak'
cs-0109034v1,"['Ingo Kreuz', 'Dieter Roller']",'Ingo Kreuz'
cs-0109042v2,"['Qingguo Zheng', 'Ke Xu', 'Weifeng Lv', 'Shilong Ma']",'Qingguo Zheng'
cs-0110003v1,"['Jerzy Tyszkiewicz', 'Arthur Ramer', 'Achim Hoffmann']",'Jerzy Tyszkiewicz'
cs-0110004v1,"['Jerzy Tyszkiewicz', 'Achim Hoffmann', 'Arthur Ramer']",'Jerzy Tyszkiewicz'
cs-0110032v1,"['J. Grant', 'J. Minker']",'J. Grant'
cs-0110057v1,"['Ion Androutsopoulos', 'Vassiliki Kokkinaki', 'Aggeliki Dimitromanolaki', 'Jo Calder', 'Jon Oberlander', 'Elena Not']",'Ion Androutsopoulos'
cs-0111012v1,['Giovambattista Ianni'],'Giovambattista Ianni'
cs-0111018v1,"['Y. Chu', 'S. Baek', 'H. Yonekawa', 'A. Chertovskikh', 'M. Kim', 'J. S. Kim', 'K. Park', 'S. Baang', 'Y. Chang', 'J. H. Kim', 'S. Lee', 'B. Lim', 'W. Chung', 'H. Park', 'K. Kim']",'Y. Chu'
cs-0111058v1,"['Kristian Kersting', 'Luc De Raedt']",'Kristian Kersting'
cs-0112006v1,"['Thomas Eiter', 'Wolfgang Faber', 'Nicola Leone', 'Gerald Pfeifer', 'Axel Polleres']",'Thomas Eiter'
cs-0112007v2,"['Floris Geerts', 'Bart Goethals', 'Jan Van den Bussche']",'Floris Geerts'
cs-0112008v1,['Mark Burgin'],'Mark Burgin'
cs-0112011v2,"['Bart Goethals', 'Jan Van den Bussche']",'Bart Goethals'
cs-0112013v1,"['Tom Brijs', 'Bart Goethals', 'Gilbert Swinnen', 'Koen Vanhoof', 'Geert Wets']",'Tom Brijs'
cs-0201013v1,"['Thomas Eiter', 'Wolfgang Faber', 'Nicola Leone', 'Gerald Pfeifer']",'Thomas Eiter'
cs-0201017v2,"['Kevin Leyton-Brown', 'Moshe Tennenholtz', 'Navin Bhat', 'Yoav Shoham']",'Kevin Leyton-Brown'
cs-0201020v1,['Churn-Jung Liau'],'Churn-Jung Liau'
cs-0202001v1,"['Faiz Arni', 'KayLiang Ong', 'Shalom Tsur', 'Haixun Wang', 'Carlo Zaniolo']",'Faiz Arni'
cs-0202004v3,"['K. Eisenack', 'H. Welsch', 'J. P. Kropp']",'K. Eisenack'
cs-0202007v1,"['Slawomir J. Nasuto', 'Mark J. Bishop']",'Slawomir J. Nasuto'
cs-0202012v1,"['Michael Leuschel', 'Maurice Bruynooghe']",'Michael Leuschel'
cs-0202016v1,"['Rica Gonen', 'Daniel Lehmann']",'Rica Gonen'
cs-0202020v3,"['Oleg Kupervasser', 'Alexsander Vardy']",'Oleg Kupervasser'
cs-0202030v1,['Daniel Lehmann'],'Daniel Lehmann'
cs-0202032v1,"['Rica Gonen', 'Daniel Lehmann']",'Rica Gonen'
cs-0203013v1,"['Pedrito Maynard-Reid II', 'Daniel Lehmann']",'Pedrito Maynard-Reid II'
cs-0203021v1,"['Claudia V. Goldman', 'Dan Gang', 'Jeffrey S. Rosenschein', 'Daniel Lehmann']",'Claudia V. Goldman'
cs-0203027v1,"['Qingguo Zheng', 'Ke Xu', 'Shilong Ma', 'Weifeng Lv']",'Qingguo Zheng'
cs-0203028v3,"['Qingguo Zheng', 'Ke Xu', 'Shilong Ma']",'Qingguo Zheng'
cs-0204030v4,"['David J. Ward', 'David J. C. MacKay']",'David J. Ward'
cs-0204044v1,"['Javier Nicolas Sanchez', 'Adam Milstein', 'Evan Williamson']",'Javier Nicolas Sanchez'
cs-0204047v2,"['Naren Ramakrishnan', 'Chris Bailey-Kellogg']",'Naren Ramakrishnan'
cs-0204053v1,"['Chris Bailey-Kellogg', 'Naren Ramakrishnan']",'Chris Bailey-Kellogg'
cs-0204055v1,"['Qingguo Zheng', 'Ke Xu', 'Weifeng Lv', 'Shilong Ma']",'Qingguo Zheng'
cs-0205013v1,"['Zbigniew Lonc', 'Miroslaw Truszczynski']",'Zbigniew Lonc'
cs-0205022v1,['Naren Ramakrishnan'],'Naren Ramakrishnan'
cs-0205078v1,['Larry Wos'],'Larry Wos'
cs-0205079v2,['Daniel Lehmann'],'Daniel Lehmann'
cs-0206004v1,"['Toon Calders', 'Bart Goethals']",'Toon Calders'
cs-0206006v1,"['Marco Zaffalon', 'Marcus Hutter']",'Marco Zaffalon'
cs-0206017v1,"['Shilong Ma', 'Yuefei Sui', 'Ke Xu']",'Shilong Ma'
cs-0206023v1,"['Bart Goethals', 'Jan Van den Bussche']",'Bart Goethals'
cs-0206028v2,['Wolfgang Eiden'],'Wolfgang Eiden'
cs-0207008v1,"['F. S. de Boer', 'K. V. Hindriks', 'W. van der Hoek', 'J. -J. Ch. Meyer']",'F. S. de Boer'
cs-0207031v1,['Henry Prakken'],'Henry Prakken'
cs-0207032v1,['Pedro Cabalar'],'Pedro Cabalar'
cs-0207037v1,"['Samir Chopra', 'Johannes Heidema', 'Thomas Meyer']",'Samir Chopra'
cs-0207038v1,"['Samir Chopra', 'Aditya Ghose', 'Thomas Meyer']",'Samir Chopra'
cs-0207040v1,"['Ralf Schweimeier', 'Michael Schroeder']",'Ralf Schweimeier'
cs-0207055v1,['Mark Burgin'],'Mark Burgin'
cs-0207064v1,['Eyal Amir'],'Eyal Amir'
cs-0207071v1,"['David Pearce', 'Vladimir Sarsakov', 'Torsten Schaub', 'Hans Tompits', 'Stefan Woltran']",'David Pearce'
cs-0207073v1,"['Srinidhi Varadarajan', 'Naren Ramakrishnan']",'Srinidhi Varadarajan'
cs-0207088v3,['Jørgen Villadsen'],'Jørgen Villadsen'
cs-0208008v1,"['S. Bistarelli', 'U. Montanari', 'F. Rossi']",'S. Bistarelli'
cs-0208009v1,"['Michael Leuschel', 'Jesper Joergensen', 'Wim Vanhoof', 'Maurice Bruynooghe']",'Michael Leuschel'
cs-0208033v1,"['Joseph Y. Halpern', 'Ron van der Meyden', 'Moshe Y. Vardi']",'Joseph Y. Halpern'
cs-0209030v1,"['Stefan Boettcher', 'Allon G. Percus']",'Stefan Boettcher'
cs-0210007v1,"['Paolo Liberatore', 'Marco Schaerf']",'Paolo Liberatore'
cs-0210023v1,['Timothy Porter'],'Timothy Porter'
cs-0210026v1,"['Gonzalo Alvarez', 'Slobodan Petrovic']",'Gonzalo Alvarez'
cs-0210027v2,"['Pascal Hitzler', 'Matthias Wendt']",'Pascal Hitzler'
cs-0211006v1,['Shotaro Akaho'],'Shotaro Akaho'
cs-0211014v1,"['Larry Wos', 'Dolph Ulrich', 'Branden Fitelson']",'Larry Wos'
cs-0211015v1,"['Larry Wos', 'Dolph Ulrich', 'Branden Fitelson']",'Larry Wos'
cs-0211028v1,"['Carlos Gershenson', 'Pedro Pablo Gonzalez', 'Jose Negrete']",'Carlos Gershenson'
cs-0211031v1,['Paolo Liberatore'],'Paolo Liberatore'
cs-0211033v1,"['Deborah East', 'Miroslaw Truszczynski']",'Deborah East'
cs-0211035v1,['Jean-Marie Chauvet'],'Jean-Marie Chauvet'
cs-0212008v1,"['Zhenyue Zhang', 'Hongyuan Zha']",'Zhenyue Zhang'
cs-0212053v1,['Paolo Liberatore'],'Paolo Liberatore'
cs-0301007v1,"['Istvan Szita', 'Andras Lorincz']",'Istvan Szita'
cs-0301008v2,"['Pascal Hitzler', 'Matthias Wendt']",'Pascal Hitzler'
cs-0302015v1,['J. G. Wolff'],'J. G. Wolff'
cs-0302038v1,"['Esra Erdem', 'Vladimir Lifschitz']",'Esra Erdem'
cs-0303023v1,"['A. Das', 'G. Mayer-Kress', 'C. Gershenson', 'P. Das']",'A. Das'
cs-0305004v1,"['V. Sriram', 'B. Ravi Sekar Reddy', 'R. Sangal']",'V. Sriram'
cs-0305013v1,['Johan Schubert'],'Johan Schubert'
cs-0305014v1,"['Ulla Bergsten', 'Johan Schubert']",'Ulla Bergsten'
cs-0305015v1,['Johan Schubert'],'Johan Schubert'
cs-0305017v1,['Johan Schubert'],'Johan Schubert'
cs-0305018v1,['Johan Schubert'],'Johan Schubert'
cs-0305020v1,['Johan Schubert'],'Johan Schubert'
cs-0305021v1,['Johan Schubert'],'Johan Schubert'
cs-0305023v1,['Johan Schubert'],'Johan Schubert'
cs-0305024v1,['Johan Schubert'],'Johan Schubert'
cs-0305025v1,['Johan Schubert'],'Johan Schubert'
cs-0305026v1,['Johan Schubert'],'Johan Schubert'
cs-0305027v1,['Johan Schubert'],'Johan Schubert'
cs-0305028v1,"['Mats Bengtsson', 'Johan Schubert']",'Mats Bengtsson'
cs-0305029v1,"['John Cantwell', 'Johan Schubert', 'Johan Walter']",'John Cantwell'
cs-0305030v1,['Johan Schubert'],'Johan Schubert'
cs-0305031v1,['Johan Schubert'],'Johan Schubert'
cs-0305032v1,['Johan Schubert'],'Johan Schubert'
cs-0305033v1,"['Ulla Bergsten', 'Johan Schubert', 'Per Svensson']",'Ulla Bergsten'
cs-0305040v1,"['Keijo Heljanko', 'Ilkka Niemelä']",'Keijo Heljanko'
cs-0306022v1,"['Anand Venkataraman', 'Wen Wang']",'Anand Venkataraman'
cs-0306106v2,['Joseph Y. Halpern'],'Joseph Y. Halpern'
cs-0306114v1,"['A. Baranovski', 'C. Brock', 'D. Bonham', 'L. Carpenter', 'L. Lueking', 'W. Merritt', 'C. Moore', 'I. Terekhov', 'J. Trumbo', 'S. Veseli', 'J. Weigand', 'S. White', 'K. Yip']",'A. Baranovski'
cs-0306120v2,"['Istvan Szita', 'Andras Lorincz']",'Istvan Szita'
cs-0306130v1,"['Akshar Bharati', 'Vineet Chaitanya', 'Amba P. Kulkarni', 'Rajeev Sangal']",'Akshar Bharati'
cs-0307013v1,['J Gerard Wolff'],'J Gerard Wolff'
cs-0307014v1,['J Gerard Wolff'],'J Gerard Wolff'
cs-0307017v1,"['Vincent Conitzer', 'Tuomas Sandholm']",'Vincent Conitzer'
cs-0307037v1,"['D. Agarwal', 'K. Berket']",'D. Agarwal'
cs-0307040v1,['Amar Isli'],'Amar Isli'
cs-0307060v2,['J. Gerard Wolff'],'J. Gerard Wolff'
cs-0307069v1,"['Joseph Y. Halpern', 'Riccardo Pucella']",'Joseph Y. Halpern'
cs-0307070v1,"['Nir Friedman', 'Joseph Y. Halpern']",'Nir Friedman'
cs-0307071v1,"['Nir Friedman', 'Joseph Y. Halpern']",'Nir Friedman'
cs-0308030v1,['Jose M. Vidal'],'Jose M. Vidal'
cs-0308031v1,['Carlos Gershenson'],'Carlos Gershenson'
cs-0309009v1,['Victor Eliashberg'],'Victor Eliashberg'
cs-0309030v1,"['Wolfgang Mayer', 'Markus Stumptner']",'Wolfgang Mayer'
cs-0309048v5,['Juergen Schmidhuber'],'Juergen Schmidhuber'
cs-0309053v1,['David A. Plaisted'],'David A. Plaisted'
cs-0310005v1,"['Darin Goldstein', 'William Murray', 'Binh Yang']",'Darin Goldstein'
cs-0310010v1,['David Lyback'],'David Lyback'
cs-0311001v1,"['Bernhard Peischl', 'Franz Wotawa']",'Bernhard Peischl'
cs-0311003v1,['Maurice Bruynooghe'],'Maurice Bruynooghe'
cs-0311008v1,"['Ralf Schweimeier', 'Michael Schroeder']",'Ralf Schweimeier'
cs-0311028v1,"['Joseph Y. Halpern', 'Yoram Moses']",'Joseph Y. Halpern'
cs-0311031v1,['J. Gerard Wolff'],'J. Gerard Wolff'
cs-0509058v1,"['Joseph Y. Halpern', 'Leandro C. Rego']",'Joseph Y. Halpern'
cs-0509071v1,"['Krzysztof R. Apt', 'Francesca Rossi', 'K. Brent Venable']",'Krzysztof R. Apt'
cs-0509092v1,['Thierry Poibeau'],'Thierry Poibeau'
cs-0510020v1,['Thierry Poibeau'],'Thierry Poibeau'
cs-0510037v1,"['Rokia Bendaoud', 'Yannick Toussaint', 'Amedeo Napoli']",'Rokia Bendaoud'
cs-0510056v1,"['Yoon-Mo Jung', 'Jianhong Shen']",'Yoon-Mo Jung'
cs-0510076v1,"['Olivier Pauplin', 'Jean Louchet', 'Evelyne Lutton', 'Michel Parent']",'Olivier Pauplin'
cs-0510080v1,"['Peter D. Grunwald', 'Joseph Y. Halpern']",'Peter D. Grunwald'
cs-0511013v1,"['Zengyou He', 'Xiaofei Xu', 'Shengchun Deng']",'Zengyou He'
cs-0511038v1,"['Pascal Hitzler', 'Sibylle Schwarz']",'Pascal Hitzler'
cs-0511075v1,"['Michael Terribilini', 'Jae-Hyung Lee', 'Changhui Yan', 'Robert L. Jernigan', 'Susan Carpenter', 'Vasant Honavar', 'Drena Dobbs']",'Michael Terribilini'
cs-0511090v2,"['Petra Hofstedt', 'Peter Pepper']",'Petra Hofstedt'
cs-0511093v1,"['Yann Semet', 'Sylvain Gelly', 'Marc Schoenauer', 'Michèle Sebag']",'Yann Semet'
cs-0512002v1,"['Vitorino Ramos', 'Carlos Fernandes', 'Agostinho C. Rosa']",'Vitorino Ramos'
cs-0512003v1,"['Vitorino Ramos', 'Carlos Fernandes', 'Agostinho C. Rosa']",'Vitorino Ramos'
cs-0512004v1,"['Carlos Fernandes', 'Vitorino Ramos', 'Agostinho C. Rosa']",'Carlos Fernandes'
cs-0512010v1,"['Jonathan Gratus', 'Timothy Porter']",'Jonathan Gratus'
cs-0512037v2,"['Aristoklis D. Anastasiadis', 'George D. Magoulas']",'Aristoklis D. Anastasiadis'
cs-0512071v1,"['Jon Timmis', 'Martyn Amos', 'Wolfgang Banzhaf', 'Andy Tyrrell']",'Jon Timmis'
cs-0601004v1,"['Benoît Girard', 'David Filliat', 'Jean-Arcady Meyer', 'Alain Berthoz', 'Agnès Guillot']",'Benoît Girard'
cs-0601032v2,"['Tamara Babaian', 'James G. Schmolze']",'Tamara Babaian'
cs-0601042v1,"['Christoph Benzmueller', 'John Harrison', 'Carsten Schuermann']",'Christoph Benzmueller'
cs-0601043v1,"['Marco Cadoli', 'Toni Mancini']",'Marco Cadoli'
cs-0601129v1,['Abhilash Ponnath'],'Abhilash Ponnath'
cs-0601132v3,"['R. Rastegar', 'M. R. Meybodi']",'R. Rastegar'
cs-0602021v1,"['Marc Schoenauer', 'Michèle Sebag']",'Marc Schoenauer'
cs-0602027v1,['Krzysztof R. Apt'],'Krzysztof R. Apt'
cs-0602038v2,"['G. Gutin', 'P. Hell', 'A. Rafiey', 'A. Yeo']",'G. Gutin'
cs-0602083v1,"['Marco Frailis', 'Oriana Mansutti', 'Praveen Boinee', 'Giuseppe Cabras', 'Alessandro De Angelis', 'Barbara De Lotto', 'Alberto Forti', ""Mauro Dell'Orso"", 'Riccardo Paoletti', 'Angelo Scribano', 'Nicola Turini', ""Mose' Mariotti"", 'Luigi Peruzzo', 'Antonio Saggion']",'Marco Frailis'
cs-0603080v1,['Alin Suciu'],'Alin Suciu'
cs-0603110v1,"['Daniil Ryabko', 'Marcus Hutter']",'Daniil Ryabko'
cs-0604010v2,['Christos Dimitrakakis'],'Christos Dimitrakakis'
cs-0604038v1,"['E. Petrov', 'Yu. Kostov', 'E. Botoeva']",'E. Petrov'
cs-0604054v4,"['Alessandro Armando', 'Maria Paola Bonacina', 'Silvio Ranise', 'Stephan Schulz']",'Alessandro Armando'
cs-0604064v1,['Mirco A. Mannucci'],'Mirco A. Mannucci'
cs-0604087v1,"['Yongzhi Cao', 'Lirong Xia', 'Mingsheng Ying']",'Yongzhi Cao'
cs-0605024v1,"['Shane Legg', 'Marcus Hutter']",'Shane Legg'
cs-0605038v1,"['Tran Cao Son', 'Enrico Pontelli', 'Islam Elkabani']",'Tran Cao Son'
cs-0605059v1,"['Jean-Marc Rosengard', 'Marian Ursu']",'Jean-Marc Rosengard'
cs-0605106v1,['Daowen Qiu'],'Daowen Qiu'
cs-0605138v1,"['V. V. Kryssanov', 'V. A. Abramov', 'Y. Fukuda', 'K. Konishi']",'V. V. Kryssanov'
cs-0606010v1,"['V. V. Kryssanov', 'V. A. Abramov', 'Y. Fukuda', 'K. Konishi']",'V. V. Kryssanov'
cs-0606021v1,"['H. Tamaki', 'V. V. Kryssanov', 'S. Kitamura']",'H. Tamaki'
cs-0606024v1,"['Edgar de Graaf', 'Jeannette de Graaf', 'Walter A. Kosters']",'Edgar de Graaf'
cs-0606039v1,"['V. V. Kryssanov', 'H. Tamaki', 'S. Kitamura']",'V. V. Kryssanov'
cs-0606070v1,['Shane Legg'],'Shane Legg'
cs-0606084v3,['Jean Gallier'],'Jean Gallier'
cs-0606115v1,"['Jose Borges', 'Mark Levene']",'Jose Borges'
cs-0606126v1,"['Eldan Goldenberg', 'Jacob R. Garcowski', 'Randall D. Beer']",'Eldan Goldenberg'
cs-0607013v1,['Jan Chomicki'],'Jan Chomicki'
cs-0607016v2,"['Krzysztof R. Apt', 'Peter Zoeteweij']",'Krzysztof R. Apt'
cs-0607037v2,['Zhujun Fan'],'Zhujun Fan'
cs-0607052v1,['Thierry Poibeau'],'Thierry Poibeau'
cs-0607053v1,['Thierry Poibeau'],'Thierry Poibeau'
cs-0607056v1,['Sylviane Schwer'],'Sylviane Schwer'
cs-0607065v1,['Khalil Djelloul'],'Khalil Djelloul'
cs-0607088v1,"['Farid Nouioua', 'Pascal Nicolas']",'Farid Nouioua'
cs-0607138v1,['Mohamed A. Belal'],'Mohamed A. Belal'
cs-0608015v1,"['Sebastian Brand', 'Roland H. C. Yap']",'Sebastian Brand'
cs-0608017v1,"['Krzysztof R. Apt', 'Sebastian Brand']",'Krzysztof R. Apt'
cs-0608037v3,['Shaohua Li'],'Shaohua Li'
cs-0608078v1,"['A. Slepoy', 'A. P. Thompson', 'M. D. Peters']",'A. Slepoy'
cs-0608099v1,"['Tomi Janhunen', 'Emilia Oikarinen']",'Tomi Janhunen'
cs-0608103v1,"['V. W. Marek', 'I. Niemela', 'M. Truszczynski]']",'V. W. Marek'
cs-0609052v1,"['Frank Wolter', 'Michael Zakharyaschev']",'Frank Wolter'
cs-0609056v1,['L. N. Vaserstein'],'L. N. Vaserstein'
cs-0609119v2,['Adrian Paschke'],'Adrian Paschke'
cs-0609133v1,"['Touria Aït El Mekki', 'Adeline Nazarenko']",'Touria Aït El Mekki'
cs-0609134v1,"['Touria Aït El Mekki', 'Adeline Nazarenko']",'Touria Aït El Mekki'
cs-0609135v1,"['Erick Alphonse', 'Sophie Aubin', 'Philippe Bessières', 'Gilles Bisson', 'Thierry Hamon', 'Sandrine Lagarrigue', 'Adeline Nazarenko', 'Alain-Pierre Manine', 'Claire Nédellec', 'Mohamed Ould Abdel Vetah', 'Thierry Poibeau', 'Davy Weissenbacher']",'Erick Alphonse'
cs-0609137v1,"['Claire Nédellec', 'Adeline Nazarenko']",'Claire Nédellec'
cs-0610004v1,"['Gérard Bécher', 'Patrice Enjalbert', 'Estelle Fievé', 'Laurent Gosselin', 'François Lévy', 'Gérard Ligozat']",'Gérard Bécher'
cs-0610016v1,['Farid Nouioua'],'Farid Nouioua'
cs-0610018v1,['Farid Nouioua'],'Farid Nouioua'
cs-0610039v1,['Neil Rubens'],'Neil Rubens'
cs-0610067v3,['Walid S. Saba'],'Walid S. Saba'
cs-0610075v2,"['Diederik Aerts', 'Marek Czachor', 'Bart De Moor']",'Diederik Aerts'
cs-0610095v1,['Omer Giménez'],'Omer Giménez'
cs-0610170v1,"['Istvan Szita', 'Andras Lorincz']",'Istvan Szita'
cs-0611009v1,"['Christian Schulte', 'Peter J. Stuckey']",'Christian Schulte'
cs-0611020v1,"['J. Bose', 'S. B. Furber', 'J. L. Shapiro']",'J. Bose'
cs-0611025v1,"['Javier Larrosa', 'Federico Heras', 'Simon de Givry']",'Javier Larrosa'
cs-0611046v1,"['Laura Giordano', 'Valentina Gliozzi', 'Nicola Olivetti', 'Gian Luca Pozzato']",'Laura Giordano'
cs-0611077v1,"['Mark Burgin', 'Eugene Eberbach']",'Mark Burgin'
cs-0611104v1,"['Anthony Mouraud', 'Hélène Paugam-Moisy']",'Anthony Mouraud'
cs-0611140v1,"['Yann Semet', 'Marc Schoenauer']",'Yann Semet'
cs-0611164v1,['Dimitris Kalles'],'Dimitris Kalles'
cs-0612002v1,"['Willemien Visser', 'Brigitte Trousse']",'Willemien Visser'
cs-0612047v1,"['Kristina Lerman', 'Laurie Jones']",'Kristina Lerman'
cs-0612104v2,['Keki Burjorjee'],'Keki Burjorjee'
cs-0701057v1,['Xiaofei Huang'],'Xiaofei Huang'
cs-0701083v1,"['Georg Gottlob', 'Marko Samer']",'Georg Gottlob'
cs-0701095v1,"['Pedro Cabalar', 'Paolo Ferraris']",'Pedro Cabalar'
cs-0701125v1,['Marcus Hutter'],'Marcus Hutter'
cs-0701127v3,['Risi Kondor'],'Risi Kondor'
cs-0701139v1,"['Yishay Mor', 'Jeffrey S. Rosenschein']",'Yishay Mor'
cs-0702011v1,"['Joseph Y. Halpern', 'Riccardo Pucella']",'Joseph Y. Halpern'
cs-0702072v1,"['Michael Codish', 'Vitaly Lagoon', 'Peter J. Stuckey']",'Michael Codish'
cs-0702082v1,"['Ivan Tyukin', 'Tatiana Tyukina', 'Cees van Leeuwen']",'Ivan Tyukin'
cs-0702096v1,"['David Iclanzan', 'Dan Dumitrescu']",'David Iclanzan'
cs-0702144v2,"['Daniel Lemire', 'Anna Maclachlan']",'Daniel Lemire'
cs-0703091v1,"['Frédéric Landragin', 'Alexandre Denis', 'Annalisa Ricci', 'Laurent Romary']",'Frédéric Landragin'
cs-0703095v1,"['Jian Ma', 'Zengqi Sun']",'Jian Ma'
cs-0703118v2,['Andreas de Vries'],'Andreas de Vries'
cs-0703135v1,"['Virginia Savova', 'Leonid Peshkin']",'Virginia Savova'
cs-9905014v1,['Thomas G. Dietterich'],'Thomas G. Dietterich'
cs-9905015v1,['Thomas G. Dietterich'],'Thomas G. Dietterich'
cs-0001004v1,['Toshinao Akuzawa'],'Toshinao Akuzawa'
cs-0002006v1,"['Toshinao Akuzawa', 'Noboru Murata']",'Toshinao Akuzawa'
cs-0009001v3,['Andrei N. Soklakov'],'Andrei N. Soklakov'
cs-0009007v1,"['Foster Provost', 'Tom Fawcett']",'Foster Provost'
cs-0011032v1,"['Hendrik Blockeel', 'Luc De Raedt', 'Jan Ramon']",'Hendrik Blockeel'
cs-0011044v1,"['Hendrik Blockeel', 'Luc De Raedt', 'Nico Jacobs', 'Bart Demoen']",'Hendrik Blockeel'
cs-0103003v1,"['Leonid Peshkin', 'Nicolas Meuleau', 'Leslie Kaelbling']",'Leonid Peshkin'
cs-0110036v1,"['Hendrik Blockeel', 'Jan Struyf']",'Hendrik Blockeel'
cs-0211003v1,['Michael G. Madden'],'Michael G. Madden'
cs-0211007v1,"['Koji Tsuda', 'Shotaro Akaho', 'Kiyoshi Asai']",'Koji Tsuda'
cs-0309015v1,"['Dominik Janzing', 'Daniel Herrmann']",'Dominik Janzing'
cs-0311042v1,"['Adam R. Klivans', 'Rocco A. Servedio']",'Adam R. Klivans'
cs-0312004v1,['Daniel Etzold'],'Daniel Etzold'
cs-0401005v1,['Kromer Victor'],'Kromer Victor'
cs-0412003v1,"['Florence Duchene', 'Catherine Garbay', 'Vincent Rialle']",'Florence Duchene'
cs-0502016v1,['Cynthia Rudin'],'Cynthia Rudin'
cs-0504001v1,['Andris Ambainis'],'Andris Ambainis'
cs-0506004v4,['Vladimir Vovk'],'Vladimir Vovk'
cs-0506007v2,"['Vladimir Vovk', 'Ilia Nouretdinov', 'Akimichi Takemura', 'Glenn Shafer']",'Vladimir Vovk'
cs-0506057v2,['Kromer Victor'],'Kromer Victor'
cs-0506085v1,['Jason E. Holt'],'Jason E. Holt'
cs-0507033v2,"['Marco Cuturi', 'Kenji Fukumizu']",'Marco Cuturi'
cs-0507044v1,"['Jan Poland', 'Marcus Hutter']",'Jan Poland'
cs-0507062v1,['Jan Poland'],'Jan Poland'
cs-0509055v1,"['Vikas Hamine', 'Paul Helman']",'Vikas Hamine'
cs-0510038v4,"['Alp Atici', 'Rocco A. Servedio']",'Alp Atici'
cs-0511058v2,['Vladimir Vovk'],'Vladimir Vovk'
cs-0511088v1,['Barak A. Pearlmutter'],'Barak A. Pearlmutter'
cs-0512050v1,"['Jérôme Azé', 'Mathieu Roche', 'Yves Kodratoff', 'Michèle Sebag']",'Jérôme Azé'
cs-0512059v2,['Vladimir Vovk'],'Vladimir Vovk'
cs-0601044v1,"['Christian Gagné', 'Marc Schoenauer', 'Marc Parizeau', 'Marco Tomassini']",'Christian Gagné'
cs-0601087v1,['Kromer Victor'],'Kromer Victor'
cs-0602062v1,"['François Denis', 'Yann Esposito', 'Amaury Habrard']",'François Denis'
cs-0605040v1,['Marcus Hutter'],'Marcus Hutter'
cs-0606077v1,"['Daniil Ryabko', 'Marcus Hutter']",'Daniil Ryabko'
cs-0606093v1,['Vladimir Vovk'],'Vladimir Vovk'
cs-0607047v1,"['Nick Palmer', 'Paul W. Goldberg']",'Nick Palmer'
cs-0607067v1,['Vladimir Vovk'],'Vladimir Vovk'
cs-0607085v2,"['Amaury Habrard', 'Francois Denis', 'Yann Esposito']",'Amaury Habrard'
cs-0607096v1,"['Dominique Bouthinon', 'Henry Soldano', 'Véronique Ventos']",'Dominique Bouthinon'
cs-0607110v1,['Etienne Grossmann'],'Etienne Grossmann'
cs-0607134v1,['Vladimir Vovk'],'Vladimir Vovk'
cs-0607136v1,['Vladimir Vovk'],'Vladimir Vovk'
cs-0608033v1,['Roberto Bonato'],'Roberto Bonato'
cs-0609007v1,"['Vladislav Malyshkin', 'Ray Bakhramov', 'Andrey Gorodetsky']",'Vladislav Malyshkin'
cs-0609045v1,['Vladimir Vovk'],'Vladimir Vovk'
cs-0609093v1,"['Jon Feldman', ""Ryan O'Donnell"", 'Rocco A. Servedio']",'Jon Feldman'
cs-0611011v1,"['Alexander Gammerman', 'Vladimir Vovk']",'Alexander Gammerman'
cs-0611145v1,"['Manuel Loth', 'Philippe Preux']",'Manuel Loth'
cs-0703062v1,"['Pierre-Arnaud Coquelin', 'Rémi Munos']",'Pierre-Arnaud Coquelin'
cs-0703125v1,['Vladimir Pestov'],'Vladimir Pestov'
cs-9810003v1,['Andreas Siebert'],'Andreas Siebert'
cs-9810017v1,['Stephen L. Adler'],'Stephen L. Adler'
cs-9908017v1,['Andreas Siebert'],'Andreas Siebert'
cs-0001024v1,"['B. R. Schlei', 'L. Prasad']",'B. R. Schlei'
cs-0003065v1,"['Oleg Kiselyov', 'Paul Fisher']",'Oleg Kiselyov'
cs-0003079v1,['Andreas Siebert'],'Andreas Siebert'
cs-0004012v1,"['Emmanuel Etievent', 'Frank Lebourgeois', 'Jean-Michel Jolion']",'Emmanuel Etievent'
cs-0005001v1,"['Liang Chen', 'Naoyuki Tokuda']",'Liang Chen'
cs-0006001v1,"['Ninan Sajeeth Philip', 'K. Babu Joseph']",'Ninan Sajeeth Philip'
cs-0006002v1,"['Ninan Sajeeth Philip', 'K. Babu Joseph']",'Ninan Sajeeth Philip'
cs-0006047v1,"['B. R. Schlei', 'L. Prasad', 'A. N. Skourikhine']",'B. R. Schlei'
cs-0208005v1,"['Ulrich Hillenbrand', 'Gerd Hirzinger']",'Ulrich Hillenbrand'
cs-0301001v1,"['N. Chernov', 'C. Lesort']",'N. Chernov'
cs-0303015v1,"['N. Chernov', 'C. Lesort']",'N. Chernov'
cs-0307045v1,"['Lili Ma', 'YangQuan Chen', 'Kevin L. Moore']",'Lili Ma'
cs-0307046v1,"['Lili Ma', 'YangQuan Chen', 'Kevin L. Moore']",'Lili Ma'
cs-0307047v1,"['Lili Ma', 'YangQuan Chen', 'Kevin L. Moore']",'Lili Ma'
cs-0307051v1,"['Lili Ma', 'YangQuan Chen', 'Kevin L. Moore']",'Lili Ma'
cs-0307072v1,"['Lili Ma', 'YangQuan Chen', 'Kevin L. Moore']",'Lili Ma'
cs-0308003v1,"['Lili Ma', 'YangQuan Chen', 'Kevin L. Moore']",'Lili Ma'
cs-0308034v1,"['G. Iovane', 'P. Giordano', 'C. Iovane', 'F. Rotulo']",'G. Iovane'
cs-0308035v1,"['G. Iovane', 'F. S. Tortoriello']",'G. Iovane'
cs-0401017v2,"['Nicholas R. Howe', 'Alexandra Deschamps']",'Nicholas R. Howe'
cs-0401018v1,"['E. I. Bolotin', 'G. Sh. Tsitsiashvili', 'I. V. Golycheva']",'E. I. Bolotin'
cs-0402020v1,['Tin Kam Ho'],'Tin Kam Ho'
cs-0405093v2,['Vytautas Perlibakas'],'Vytautas Perlibakas'
cs-0405095v1,"['Lili Ma', 'YangQuan Chen', 'Kevin L. Moore']",'Lili Ma'
cs-0406008v1,['Vyacheslav Zavadsky'],'Vyacheslav Zavadsky'
cs-0502095v2,"['Gilson A. Giraldi', 'Leandro S. Marturelli', 'Paulo S. Rodrigues']",'Gilson A. Giraldi'
cs-0505006v1,['Emanuel Diamant'],'Emanuel Diamant'
cs-0507058v1,['Emanuel Diamant'],'Emanuel Diamant'
cs-0509081v1,"['Yossi Zana', 'Roberto M. Cesar-Jr', 'Regis de A. Barbosa']",'Yossi Zana'
cs-0509082v1,"['Yossi Zana', 'Roberto M. Cesar-JR']",'Yossi Zana'
cs-0509083v1,"['Yossi Zana', 'Roberto M. Cesar-Jr', 'Rogerio S. Feris', 'Matthew Turk']",'Yossi Zana'
cs-0510001v2,"['João V. B. Soares', 'Jorge J. G. Leandro', 'Roberto M. Cesar Jr.', 'Herbert F. Jelinek', 'Michael J. Cree']",'João V. B. Soares'
cs-0510026v1,"['Alvaro Enriquez de Luna', 'Carlos Miravet', 'Deitze Otaduy', 'Carlos Dorronsoro']",'Alvaro Enriquez de Luna'
cs-0512084v1,"['Nikita Sakhanenko', 'Hanna Makaruk']",'Nikita Sakhanenko'
cs-0601105v3,['Vassilios S. Vassiliadis'],'Vassilios S. Vassiliadis'
cs-0601106v1,['Vassilios S. Vassiliadis'],'Vassilios S. Vassiliadis'
cs-0602044v1,"['Siddharth Arora', 'Jayadev Acharya', 'Amit Verma', 'Prasanta K. Panigrahi']",'Siddharth Arora'
cs-0603041v1,"['S. Hemachander', 'Amit Verma', 'Siddharth Arora', 'Prasanta K. Panigrahi']",'S. Hemachander'
cs-0603086v1,"['Joel Le Roux', 'Philippe Chaurand', 'Mickael Urrutia']",'Joel Le Roux'
cs-0603116v2,"['G. A. Giraldi', 'B. F. Moutinho', 'D. M. L. de Carvalho', 'J. C. de Oliveira']",'G. A. Giraldi'
cs-0604062v1,['Liang Wu'],'Liang Wu'
cs-0605025v1,['Vytautas Perlibakas'],'Vytautas Perlibakas'
cs-0605027v1,['Vytautas Perlibakas'],'Vytautas Perlibakas'
cs-0605131v2,['Simon P Morgan'],'Simon P Morgan'
cs-0609010v1,['Artur Rataj'],'Artur Rataj'
cs-0609100v1,"['Florent Ranchin', 'Antonin Chambolle', 'Françoise Dibos']",'Florent Ranchin'
cs-0609164v1,"['S. Aogaki', 'I. Moritani', 'T. Sugai', 'F. Takeutchi', 'F. M. Toyama']",'S. Aogaki'
cs-0609165v1,"['S. Aogaki', 'I. Moritani', 'T. Sugai', 'F. Takeutchi', 'F. M. Toyama']",'S. Aogaki'
cs-0610002v1,"['S. Aogaki', 'I. Moritani', 'T. Sugai', 'F. Takeutchi', 'F. M. Toyama']",'S. Aogaki'
cs-0610059v2,"['Claire Jonchery', 'Françoise Dibos', 'Georges Koepfler']",'Claire Jonchery'
cs-0611115v1,"['Peter Horvath', 'Ian Jermyn', 'Zoltan Kato', 'Josiane Zerubia']",'Peter Horvath'
cs-0701150v1,"['Luc Brun', 'Walter G. Kropatsch']",'Luc Brun'
cs-0703053v1,"['Guray Erus', 'Nicolas Loménie']",'Guray Erus'
cs-9809049v1,['Peter J Bentley'],'Peter J Bentley'
cs-9812002v1,"['A. Likas', 'I. E. Lagaris']",'A. Likas'
cs-9902025v1,"['Mattias Ohlsson', 'Carsten Peterson', 'Bo Söderberg']",'Mattias Ohlsson'
cs-0110021v1,"['Mikhail S. Burtsev', 'Vladimir G. Redko', 'Roman V. Gusarev']",'Mikhail S. Burtsev'
cs-0201024v2,"['Aristides T. Hatjimihail', 'Theophanes T. Hatjimihail']",'Aristides T. Hatjimihail'
cs-0210012v1,['Igor B. Konovalov'],'Igor B. Konovalov'
cs-0212019v1,['Joerg D. Becker'],'Joerg D. Becker'
cs-0302002v1,"['Matthew Pratola', 'Thomas Wolf']",'Matthew Pratola'
cs-0306125v1,"['R. C. Gupta', 'Ankur Agarwal', 'Ruchi Gupta', 'Sanjay Gupta']",'R. C. Gupta'
cs-0309038v1,"['V. C. Barbosa', 'L. C. D. Campos']",'V. C. Barbosa'
cs-0309039v1,"['V. C. Barbosa', 'C. A. G. Assis', 'J. O. do Nascimento']",'V. C. Barbosa'
cs-0310009v3,['Artur Rataj'],'Artur Rataj'
cs-0310050v4,['Artur Rataj'],'Artur Rataj'
cs-0312047v1,"['Juan-J. Merelo-Guervos', 'Beatriz Prieto', 'Fatima Rateb', 'Fernando Tricas']",'Juan-J. Merelo-Guervos'
cs-0402047v1,"['Claudio F. Lima', 'Fernando G. Lobo']",'Claudio F. Lima'
cs-0402049v1,"['Fernando G. Lobo', 'Claudio F. Lima', 'Hugo Martires']",'Fernando G. Lobo'
cs-0402050v1,['Fernando G. Lobo'],'Fernando G. Lobo'
cs-0403003v1,"['Gilson A. Giraldi', 'Renato Portugal', 'Ricardo N. Thess']",'Gilson A. Giraldi'
cs-0405062v1,"['Kumara Sastry', 'David E. Goldberg', 'Martin Pelikan']",'Kumara Sastry'
cs-0405063v1,"['Kumara Sastry', 'David E. Goldberg']",'Kumara Sastry'
cs-0405064v1,"['Kumara Sastry', 'David E. Goldberg']",'Kumara Sastry'
cs-0405065v1,"['Kumara Sastry', 'Martin Pelikan', 'David E. Goldberg']",'Kumara Sastry'
cs-0501005v1,"['Alberto Fernandez', 'Sergio Gomez']",'Alberto Fernandez'
cs-0503078v1,"['Angelo Luis Pagliosa', 'Claudio Cesar de Sa', 'Fernando D. Sasse']",'Angelo Luis Pagliosa'
cs-0504053v1,"['V. V. Zharkova', 'V. Schetinin']",'V. V. Zharkova'
cs-0505003v1,['Xiaofei Huang'],'Xiaofei Huang'
cs-0505016v1,['Shashank Araokar'],'Shashank Araokar'
cs-0505019v1,['Nitin Malik'],'Nitin Malik'
cs-0505021v3,['Artur Rataj'],'Artur Rataj'
cs-0505065v2,"['Xiao-Feng Xie', 'Wen-Jun Zhang', 'Zhi-Lian Yang']",'Xiao-Feng Xie'
cs-0505067v1,"['Xiao-Feng Xie', 'Wen-Jun Zhang', 'De-Chun Bi']",'Xiao-Feng Xie'
cs-0505068v1,"['Xiao-Feng Xie', 'Wen-Jun Zhang', 'De-Chun Bi']",'Xiao-Feng Xie'
cs-0505069v1,"['Wen-Jun Zhang', 'Xiao-Feng Xie', 'De-Chun Bi']",'Wen-Jun Zhang'
cs-0505070v1,"['Xiao-Feng Xie', 'Wen-Jun Zhang']",'Xiao-Feng Xie'
cs-0506032v1,['R. Shankar'],'R. Shankar'
cs-0511022v1,['Emanuel Diamant'],'Emanuel Diamant'
cs-0511027v1,['Stephen Luttrell'],'Stephen Luttrell'
cs-0512062v1,"['Juergen Schmidhuber', 'Matteo Gagliolo', 'Daan Wierstra', 'Faustino Gomez']",'Juergen Schmidhuber'
cs-0602036v1,"['René Ndoundam', 'Maurice Tchuente']",'René Ndoundam'
cs-0602051v1,"['Fernando G. Lobo', 'Claudio F. Lima']",'Fernando G. Lobo'
cs-0602055v1,"['Fernando G. Lobo', 'Claudio F. Lima']",'Fernando G. Lobo'
cs-0603004v1,"['P. A. Castillo', 'M. G. Arenas', 'J. G. Castellano', 'J. J. Merelo', 'A. Prieto', 'V. Rivas', 'G. Romero']",'P. A. Castillo'
cs-0603015v1,['Pritam Rajagopal'],'Pritam Rajagopal'
cs-0603042v1,['Willie L. Scott II'],'Willie L. Scott II'
cs-0604001v1,"['Fabrice Rossi', 'Brieuc Conan-Guez']",'Fabrice Rossi'
cs-0607019v1,['Stephen Luttrell'],'Stephen Luttrell'
cs-0607090v1,['Adityan Rishiyur'],'Adityan Rishiyur'
cs-0609125v1,"['Goren Gordon', 'Uri Einziger-Lowicz']",'Goren Gordon'
cs-0610041v1,"['Jérémy Fix', 'Julien Vitay', 'Nicolas Rougier']",'Jérémy Fix'
cs-0611032v2,"['Andre Nathan', 'Valmir C. Barbosa']",'Andre Nathan'
cs-0702055v1,['A. V. Paraskevov'],'A. V. Paraskevov'
cs-9809019v1,['Michael Manthey'],'Michael Manthey'
cs-9809111v1,"['Lex Weaver', 'Terry Bossomaier']",'Lex Weaver'
cs-9809123v1,"['Carlos Domingo', 'Osamu Watanabe', 'Tadashi Yamazaki']",'Carlos Domingo'
cs-9811030v1,"['Gerald Corrigan', 'Noel Massey', 'Orhan Karaali']",'Gerald Corrigan'
cs-9811031v1,"['Orhan Karaali', 'Gerald Corrigan', 'Ira Gerson']",'Orhan Karaali'
cs-9811032v1,"['Orhan Karaali', 'Gerald Corrigan', 'Ira Gerson', 'Noel Massey']",'Orhan Karaali'
cs-9812006v1,"['Orhan Karaali', 'Gerald Corrigan', 'Noel Massey', 'Corey Miller', 'Otto Schnurr', 'Andrew Mackie']",'Orhan Karaali'
cs-9812013v1,"['Babak Hodjat', 'Makoto Amamiya']",'Babak Hodjat'
cs-9905012v1,"['Kagan Tumer', 'Joydeep Ghosh']",'Kagan Tumer'
cs-0001027v1,"['Cosma Rohilla Shalizi', 'James P. Crutchfield']",'Cosma Rohilla Shalizi'
cs-0006006v1,"['Stephen Marsland', 'Ulrich Nehmzow', 'Jonathan Shapiro']",'Stephen Marsland'
cs-0006039v1,"['Carlo Drioli', 'Davide Rocchesso']",'Carlo Drioli'
cs-0010002v1,"['P. J. Costa Branco', 'J. A. Dente']",'P. J. Costa Branco'
cs-0104011v1,['Theodore C. Belding'],'Theodore C. Belding'
cs-0108009v1,['G. A. Kohring'],'G. A. Kohring'
cs-0202009v1,['Patrik O. Hoyer'],'Patrik O. Hoyer'
cs-0206001v1,"['A. Das', 'M. Marko', 'A. Probst', 'M. A. Porter', 'C. Gershenson']",'A. Das'
cs-0212010v1,"['Arnold Smith', 'Peter Turney', 'Robert Ewaschuk']",'Arnold Smith'
cs-0212023v1,['Peter D. Turney'],'Peter D. Turney'
cs-0212036v1,['Peter D. Turney'],'Peter D. Turney'
cs-0212039v1,['Peter D. Turney'],'Peter D. Turney'
cs-0312003v1,"['E. S. Sazonov', 'P. Klinkhachorn', 'R. L. Klein']",'E. S. Sazonov'
cs-0312009v1,"['E. S. Sazonov', 'D. Del Gobbo', 'P. Klinkhachorn', 'R. L. Klein']",'E. S. Sazonov'
cs-0401020v1,"['Gabriele Scheler', 'Johann Schumann']",'Gabriele Scheler'
cs-0402030v1,"['Martin Pelikan', 'Jiri Ocenasek', 'Simon Trebst', 'Matthias Troyer', 'Fabien Alet']",'Martin Pelikan'
cs-0402031v1,"['Martin Pelikan', 'Tz-Kai Lin']",'Martin Pelikan'
cs-0403027v2,"['Jaume Casasnovas', 'Joe Miro', 'Manuel Moya', 'Francesc Rossello']",'Jaume Casasnovas'
cs-0404001v1,['Garrison W. Greenwood'],'Garrison W. Greenwood'
cs-0404017v1,"['Matthew J. Berryman', 'Wei-Li Khoo', 'Hiep Nguyen', ""Erin O'Neill"", 'Andrew Allison', 'Derek Abbott']",'Matthew J. Berryman'
cs-0404019v1,"['Matthew J. Berryman', 'Andrew Allison', 'Derek Abbott']",'Matthew J. Berryman'
cs-0404042v2,"['W. Ali', 'R. J. Mondragon', 'F. Alavi']",'W. Ali'
cs-0404045v2,['Bayle Shanks'],'Bayle Shanks'
cs-0405027v1,['Julian Togelius'],'Julian Togelius'
cs-0406007v1,"['Jiri Ocenasek', 'Martin Pelikan']",'Jiri Ocenasek'
cs-0406017v2,['Stephen Luttrell'],'Stephen Luttrell'
cs-0408049v1,['Stephen Luttrell'],'Stephen Luttrell'
cs-0408050v1,['Stephen Luttrell'],'Stephen Luttrell'
cs-0408058v1,['Patrik O. Hoyer'],'Patrik O. Hoyer'
cs-0410020v1,['Stephen Luttrell'],'Stephen Luttrell'
cs-0411052v1,"['H. Soula', 'G. Beslon', 'O. Mazet']",'H. Soula'
cs-0412023v1,"['P. Boinee', 'F. Barbarino', 'A. De Angelis']",'P. Boinee'
cs-0412059v1,['Ross W. Gayler'],'Ross W. Gayler'
cs-0412071v1,"['Ajith Abraham', 'Vitorino Ramos']",'Ajith Abraham'
cs-0412072v1,"['Vitorino Ramos', 'Ajith Abraham']",'Vitorino Ramos'
cs-0412080v1,['Vitorino Ramos'],'Vitorino Ramos'
cs-0412081v1,['Vitorino Ramos'],'Vitorino Ramos'
cs-0412084v1,"['Vitorino Ramos', 'Fernando Muge']",'Vitorino Ramos'
cs-0412109v1,"['L. B. Litinskii', 'B. M. Magomedov']",'L. B. Litinskii'
cs-0412110v1,"['D. I. Alieva', 'B. V. Kryzhanovsky', 'V. M. Kryzhanovsky', 'A. B. Fonarev']",'D. I. Alieva'
cs-0502006v1,"['P. M. Granitto', 'P. F. Verdes', 'H. A. Ceccatto']",'P. M. Granitto'
cs-0502007v1,['Alexander Shaydurov'],'Alexander Shaydurov'
cs-0502020v1,"['K. Sastry', ""U. -M. O'Reilly"", 'D. E. Goldberg']",'K. Sastry'
cs-0502021v1,"['H. A. Abbass', 'K. Sastry', 'D. E. Goldberg']",'H. A. Abbass'
cs-0502022v1,"['K. Sastry', 'H. A. Abbass', 'D. E. Goldberg']",'K. Sastry'
cs-0502023v1,"['K. Sastry', 'H. A. Abbass', 'D. E. Goldberg', 'D. D. Johnson']",'K. Sastry'
cs-0502029v1,"['Radovan Ondas', 'Martin Pelikan', 'Kumara Sastry']",'Radovan Ondas'
cs-0502034v1,"['Martin Pelikan', 'Kumara Sastry', 'David E. Goldberg']",'Martin Pelikan'
cs-0502057v1,"['Kumara Sastry', 'Martin Pelikan', 'David E. Goldberg']",'Kumara Sastry'
cs-0502096v1,['J. I. van Hemert'],'J. I. van Hemert'
cs-0504035v1,"['Shane Legg', 'Marcus Hutter']",'Shane Legg'
cs-0504041v1,"['Vitaly Schetinin', 'Joachim Schult']",'Vitaly Schetinin'
cs-0504052v1,"['Vitaly Schetinin', 'Joachim Schult', 'Burkhart Scheidt', 'Valery Kuriakin']",'Vitaly Schetinin'
cs-0504054v1,['Vitaly Schetinin'],'Vitaly Schetinin'
cs-0504055v1,['Vitaly Schetinin'],'Vitaly Schetinin'
cs-0504056v1,['V. Schetinin'],'V. Schetinin'
cs-0504057v1,"['Vitaly Schetinin', 'Anatoly Brazhnikov']",'Vitaly Schetinin'
cs-0504058v1,['Vitaly Schetinin'],'Vitaly Schetinin'
cs-0504059v1,['Vitaly Schetinin'],'Vitaly Schetinin'
cs-0504067v1,['Vitaly Schetinin'],'Vitaly Schetinin'
cs-0504068v1,"['V. Schetinin', 'A. Kostunin']",'V. Schetinin'
cs-0505051v1,"['Jaime Gomez', 'Ignacio Melgar', 'Juan Seijas', 'Diego Andina']",'Jaime Gomez'
cs-0505052v1,"['Jaime Gomez', 'Ignacio Melgar', 'Juan Seijas']",'Jaime Gomez'
cs-0505053v1,"['Jaime Gomez', 'Ignacio Melgar', 'Juan Seijas']",'Jaime Gomez'
cs-0506078v1,"['David Dominguez', 'Kostadin Koroutchev', 'Eduardo Serrano', 'Francisco B. Rodriguez']",'David Dominguez'
cs-0508117v1,"['Xi Shen', 'Philippe De Wilde']",'Xi Shen'
cs-0510008v1,"['Carlos Miravet', 'Francisco B. Rodriguez']",'Carlos Miravet'
cs-0512018v2,"['Anthony Mouraud', 'Didier Puzenat', 'Hélène Paugam-Moisy']",'Anthony Mouraud'
cs-0601047v1,"['Lourdes Araujo', 'Juan J. Merelo']",'Lourdes Araujo'
cs-0603090v2,"['A. N. Gorban', 'N. R. Sumner', 'A. Y. Zinovyev']",'A. N. Gorban'
cs-0604046v1,"['Dominique Lepetz', 'Max Nemoz-Gaillard', 'Michael Aupetit']",'Dominique Lepetz'
cs-0607007v4,['Boris D. Lubachevsky'],'Boris D. Lubachevsky'
cs-0608073v1,['Leonid B. Litinskii'],'Leonid B. Litinskii'
cs-0608115v1,"['Leonid B. Litinskii', 'Dmitry E. Romanov']",'Leonid B. Litinskii'
cs-0610126v1,"['Marcus Hutter', 'Shane Legg']",'Marcus Hutter'
cs-0611079v4,"['Emmanuel Lochin', 'Bruno Talavera']",'Emmanuel Lochin'
cs-0701115v1,"['J. J. Merelo', 'Antonio Mora-Garcia', 'J. L. J. Laredo', 'Juan Lupion', 'Fernando Tricas']",'J. J. Merelo'
cs-0702038v1,"['Minkyu Kim', 'Varun Aggarwal', ""Una-May O'Reilly"", 'Muriel Medard', 'Wonsik Kim']",'Minkyu Kim'
cs-0703002v9,['Plamen L. Simeonov'],'Plamen L. Simeonov'
cs-0703149v1,['Christof Teuscher'],'Christof Teuscher'
cs-0303017v1,['Petro M. Gopych'],'Petro M. Gopych'
cs-0309036v1,['Petro M. Gopych'],'Petro M. Gopych'
cs-0612087v1,['Lester Ingber'],'Lester Ingber'
cs-0702148v1,['Roderick V. N. Melnik'],'Roderick V. N. Melnik'
cs-9812003v1,"['I. E. Lagaris', 'A. Likas', 'D. G. Papageorgiou']",'I. E. Lagaris'
cs-9902006v1,['Paul Vitanyi'],'Paul Vitanyi'
cs-0309016v1,"['Stuart McDonald', 'Liam Wagner']",'Stuart McDonald'
cs-0410042v1,"['H. Ritter', 'J. J. Steil', 'C. Noelker', 'F. Roethling', 'P. C. McGuire']",'H. Ritter'
cs-0502086v1,['Pierre-Yves Oudeyer'],'Pierre-Yves Oudeyer'
cs-9809020v1,"['Min-Yen Kan', 'Judith L. Klavans', 'Kathleen R. McKeown']",'Min-Yen Kan'
cs-9809022v1,"['Bernd Ludwig', 'Guenther Goerz', 'Heinrich Niemann']",'Bernd Ludwig'
cs-9809024v2,[' XTAG Research Group'],' XTAG Research Group'
cs-9809026v1,"['Mark-Jan Nederhof', 'Anoop Sarkar', 'Giorgio Satta']",'Mark-Jan Nederhof'
cs-9809027v1,['Anoop Sarkar'],'Anoop Sarkar'
cs-9809028v1,['Anoop Sarkar'],'Anoop Sarkar'
cs-9809029v1,['Anoop Sarkar'],'Anoop Sarkar'
cs-9809050v1,"['Wolfgang Lezius', 'Reinhard Rapp', 'Manfred Wettler']",'Wolfgang Lezius'
cs-9809106v1,"['Petra Barg', 'Markus Walther']",'Petra Barg'
cs-9809107v1,['Markus Walther'],'Markus Walther'
cs-9809112v1,"['L. Padro', 'L. Marquez']",'L. Padro'
cs-9809113v1,"['L. Marquez', 'L. Padro', 'H. Rodriguez']",'L. Marquez'
cs-9810014v1,"['Judith L. Klavans', 'Kathleen R. McKeown', 'Min-Yen Kan', 'Susan Lee']",'Judith L. Klavans'
cs-9810015v1,"['Giorgio Satta', 'William Schuler']",'Giorgio Satta'
cs-9811008v1,['Philip Edmonds'],'Philip Edmonds'
cs-9811009v1,['Philip Edmonds'],'Philip Edmonds'
cs-9811016v1,"['Martin Volk', 'Gerold Schneider']",'Martin Volk'
cs-9811022v2,"['Ciprian Chelba', 'Frederick Jelinek']",'Ciprian Chelba'
cs-9811025v2,['Ciprian Chelba'],'Ciprian Chelba'
cs-9812001v3,['Hang LI'],'Hang LI'
cs-9812005v1,['Oskari Heinonen'],'Oskari Heinonen'
cs-9812018v1,"['Stephan Busemann', 'Helmut Horacek']",'Stephan Busemann'
cs-9901005v1,"['Janyce Wiebe', ""Thomas P. O'Hara"", 'Thorsten Ohrstrom-Sandgren', 'Kenneth K. McKeever']",'Janyce Wiebe'
cs-9902001v1,"['Alexander Krotov', 'Mark Hepple', 'Robert Gaizauskas', 'Yorick Wilks']",'Alexander Krotov'
cs-9902029v1,['Yorick Wilks'],'Yorick Wilks'
cs-9902030v1,['Yorick Wilks'],'Yorick Wilks'
cs-9903003v1,"['Steven Bird', 'Mark Liberman']",'Steven Bird'
cs-9903008v1,"['Diane J. Litman', 'Shimei Pan']",'Diane J. Litman'
cs-9904008v1,"['Dale Gerdemann', 'Gertjan van Noord']",'Dale Gerdemann'
cs-9904009v1,"['Mark Lee', 'Yorick Wilks']",'Mark Lee'
cs-9904018v1,['Janet E. Cahn'],'Janet E. Cahn'
cs-9905001v1,['Rebecca Hwa'],'Rebecca Hwa'
cs-9906003v1,['Melanie Siegel'],'Melanie Siegel'
cs-9906009v1,['Thorsten Brants'],'Thorsten Brants'
cs-9906014v1,"['Gert Veldhuijzen van Zanten', 'Gosse Bouma', ""Khalil Sima'an"", 'Gertjan van Noord', 'Remko Bonnema']",'Gert Veldhuijzen van Zanten'
cs-9906015v1,"['Lisa Ferro', 'Marc Vilain', 'Alexander Yeh']",'Lisa Ferro'
cs-9906020v1,['I. Androutsopoulos'],'I. Androutsopoulos'
cs-9906025v1,"['J. Daude', 'L. Padro', 'G. Rigau']",'J. Daude'
cs-9906026v1,"['Gertjan van Noord', 'Gosse Bouma', 'Rob Koeling', 'Mark-Jan Nederhof']",'Gertjan van Noord'
cs-9906034v1,"['Davide Turcato', 'Paul McFetridge', 'Fred Popowich', 'Janine Toole']",'Davide Turcato'
cs-9907003v1,"['Steven Bird', 'Mark Liberman']",'Steven Bird'
cs-9907006v1,"['Erik F. Tjong Kim Sang', 'Jorn Veenstra']",'Erik F. Tjong Kim Sang'
cs-9907007v2,"['Atsushi Fujii', 'Tetsuya Ishikawa']",'Atsushi Fujii'
cs-9907008v1,"['Janine Toole', 'Fred Popowich', 'Devlan Nicholson', 'Davide Turcato', 'Paul McFetridge']",'Janine Toole'
cs-9907010v1,['David Elworthy'],'David Elworthy'
cs-9907012v1,['Guido Minnen'],'Guido Minnen'
cs-9907013v1,"['John Carroll', 'Guido Minnen', 'Ted Briscoe']",'John Carroll'
cs-9907017v1,"['Davide Turcato', 'Paul McFetridge', 'Fred Popowich', 'Janine Toole']",'Davide Turcato'
cs-9907021v1,"['Guenther Goerz', 'Joerg Spilker', 'Volker Strom', 'Hans Weber']",'Guenther Goerz'
cs-9908001v1,"['Zvika Marx', 'Ido Dagan', 'Eli Shamir']",'Zvika Marx'
cs-9909002v1,"['Afzal Ballim', 'Vincenzo Pallotta']",'Afzal Ballim'
cs-9910020v1,"['Atsushi Fujii', 'Kentaro Inui', 'Takenobu Tokunaga', 'Hozumi Tanaka']",'Atsushi Fujii'
cs-9910022v1,['Mark-Jan Nederhof'],'Mark-Jan Nederhof'
cs-9911006v1,"['M. Murata', 'M. Utiyama', 'H. Isahara']",'M. Murata'
cs-9911011v1,['Markus Walther'],'Markus Walther'
cs-9912003v1,"['M. Murata', 'H. Isahara', 'M. Nagao']",'M. Murata'
cs-9912004v1,"['M. Murata', 'H. Isahara', 'M. Nagao']",'M. Murata'
cs-9912005v1,"['M. Murata', 'M. Nagao']",'M. Murata'
cs-9912006v1,"['M. Murata', 'M. Nagao']",'M. Murata'
cs-9912007v1,"['M. Murata', 'Q. Ma', 'K. Uchimoto', 'H. Isahara']",'M. Murata'
cs-9912009v1,['Michael Hess'],'Michael Hess'
cs-9912017v1,['Michael Hess'],'Michael Hess'
cs-0001010v1,"['D. Molla', 'J. Berri', 'M. Hess']",'D. Molla'
cs-0001012v1,['Lillian Lee'],'Lillian Lee'
cs-0001020v1,['Ciprian Chelba'],'Ciprian Chelba'
cs-0001021v1,"['Ciprian Chelba', 'Frederick Jelinek']",'Ciprian Chelba'
cs-0001022v1,"['Ciprian Chelba', 'Frederick Jelinek']",'Ciprian Chelba'
cs-0001023v1,"['Ciprian Chelba', 'Frederick Jelinek']",'Ciprian Chelba'
cs-0002007v1,['K. Litkowski'],'K. Litkowski'
cs-0002017v1,['V. Kromer'],'V. Kromer'
cs-0003055v1,['Thorsten Brants'],'Thorsten Brants'
cs-0003060v1,"['Stephan Busemann', 'Sven Schmeier', 'Roman G. Arens']",'Stephan Busemann'
cs-0003074v1,['Gosse Bouma'],'Gosse Bouma'
cs-0003081v1,"['Yoshihiko Gotoh', 'Steve Renals']",'Yoshihiko Gotoh'
cs-0003083v1,['Freddy Y. Y. Choi'],'Freddy Y. Y. Choi'
cs-0003084v1,"['Yoshihiko Gotoh', 'Steve Renals']",'Yoshihiko Gotoh'
cs-0004016v1,['Tony Berber Sardinha'],'Tony Berber Sardinha'
cs-0005006v1,['Ted Pedersen'],'Ted Pedersen'
cs-0005015v1,['Erik F. Tjong Kim Sang'],'Erik F. Tjong Kim Sang'
cs-0005016v1,['Norbert Broeker'],'Norbert Broeker'
cs-0005019v1,"[""Diego Moll'a Aliod"", 'Michael Hess']","""Diego Moll'a Aliod"""
cs-0005025v1,['Markus Walther'],'Markus Walther'
cs-0005029v1,"['Dragomir R. Radev', 'John Prager', 'Valerie Samn']",'Dragomir R. Radev'
cs-0006003v1,"['John C. Henderson', 'Eric Brill']",'John C. Henderson'
cs-0006011v1,"['John C. Henderson', 'Eric Brill']",'John C. Henderson'
cs-0006012v1,['John C. Henderson'],'John C. Henderson'
cs-0006017v1,"['Manny Rayner', 'Beth Ann Hockey', 'Frankie James']",'Manny Rayner'
cs-0006019v1,"['Manny Rayner', 'Beth Ann Hockey', 'Frankie James']",'Manny Rayner'
cs-0006020v1,"['Beth Ann Hockey', 'Manny Rayner', 'Frankie James']",'Beth Ann Hockey'
cs-0006021v1,"['Manny Rayner', 'Beth Ann Hockey', 'Frankie James', 'Elizabeth O. Bratt', 'Sharon Goldwater', 'Mark Gawron']",'Manny Rayner'
cs-0006023v2,"['A. Stolcke', 'K. Ries', 'N. Coccaro', 'E. Shriberg', 'R. Bates', 'D. Jurafsky', 'P. Taylor', 'R. Martin', 'C. Van Ess-Dykema', 'M. Meteer']",'A. Stolcke'
cs-0006024v1,"['E. Shriberg', 'R. Bates', 'A. Stolcke', 'P. Taylor', 'D. Jurafsky', 'K. Ries', 'N. Coccaro', 'R. Martin', 'M. Meteer', 'C. Van Ess-Dykema']",'E. Shriberg'
cs-0006025v1,['A. Stolcke'],'A. Stolcke'
cs-0006028v1,['Adwait Ratnaparkhi'],'Adwait Ratnaparkhi'
cs-0006036v1,"['E. Shriberg', 'A. Stolcke', 'D. Hakkani-Tur', 'G. Tur']",'E. Shriberg'
cs-0006038v1,"['Dale Gerdemann', 'Gertjan van Noord']",'Dale Gerdemann'
cs-0006044v1,"['Kenneth R. Beesley', 'Lauri Karttunen']",'Kenneth R. Beesley'
cs-0007009v1,"['Jan Daciuk', 'Stoyan Mihov', 'Bruce Watson', 'Richard Watson']",'Jan Daciuk'
cs-0007018v1,"['Jakub Zavrel', 'Walter Daelemans']",'Jakub Zavrel'
cs-0007022v1,"['Steven Bird', 'David Day', 'John Garofolo', 'John Henderson', 'Christophe Laprun', 'Mark Liberman']",'Steven Bird'
cs-0007024v1,"['David Graff', 'Steven Bird']",'David Graff'
cs-0007031v2,['Victor Kromer'],'Victor Kromer'
cs-0007035v1,"['J. Daude', 'L. Padro', 'G. Rigau']",'J. Daude'
cs-0007036v1,"['J. F. Martins', 'J. A. Dente', 'A. J. Pires', 'R. Vilela Mendes']",'J. F. Martins'
cs-0008003v1,['Stephan Busemann'],'Stephan Busemann'
cs-0008004v1,['Alexander Yeh'],'Alexander Yeh'
cs-0008005v1,['Alexander Yeh'],'Alexander Yeh'
cs-0008007v1,"['I. Dan Melamed', 'Philip Resnik']",'I. Dan Melamed'
cs-0008012v1,"['Erik F. Tjong Kim Sang', 'Walter Daelemans', 'Herve Dejean', 'Rob Koeling', 'Yuval Krymolowski', 'Vasin Punyakanok', 'Dan Roth']",'Erik F. Tjong Kim Sang'
cs-0008013v1,"['Veronique Hoste', 'Walter Daelemans', 'Erik Tjong Kim Sang', 'Steven Gillis']",'Veronique Hoste'
cs-0008014v1,['Guy De Pauw'],'Guy De Pauw'
cs-0008015v1,['Markus Walther'],'Markus Walther'
cs-0008017v1,"['Brian Roark', 'Mark Johnson']",'Brian Roark'
cs-0008021v1,"['Mark Johnson', 'Brian Roark']",'Mark Johnson'
cs-0008023v1,"['Ion Androutsopoulos', 'Robert Dale']",'Ion Androutsopoulos'
cs-0008024v1,['Miles Osborne'],'Miles Osborne'
cs-0008026v1,"['Brian Roark', 'Eugene Charniak']",'Brian Roark'
cs-0008027v1,"['Brian Roark', 'Eugene Charniak']",'Brian Roark'
cs-0008028v1,"['Mark Johnson', 'Stuart Geman', 'Stephen Canon', 'Zhiyi Chi', 'Stefan Riezler']",'Mark Johnson'
cs-0008029v1,"['Mark Johnson', 'Stefan Riezler']",'Mark Johnson'
cs-0008030v1,"['Masaki Murata', 'Qing Ma', 'Atsumu Yamamoto', 'Hitoshi Isahara']",'Masaki Murata'
cs-0008031v1,"['Masaki Murata', 'Kiyotaka Uchimoto', 'Qing Ma', 'Hitoshi Isahara']",'Masaki Murata'
cs-0008032v1,"['Masaki Murata', 'Qing Ma', 'Kiyotaka Uchimoto', 'Hiromi Ozaku', 'Masao Utiyama', 'Hitoshi Isahara']",'Masaki Murata'
cs-0008033v1,"['Francis Bond', 'Kentaro Ogura', 'Hajime Uchino']",'Francis Bond'
cs-0008034v1,"['Stefan Riezler', 'Detlef Prescher', 'Jonas Kuhn', 'Mark Johnson']",'Stefan Riezler'
cs-0008035v1,"['Detlef Prescher', 'Stefan Riezler', 'Mats Rooth']",'Detlef Prescher'
cs-0008036v1,['Stefan Riezler'],'Stefan Riezler'
cs-0009003v1,"['Anoop Sarkar', 'Daniel Zeman']",'Anoop Sarkar'
cs-0009008v1,"['Erik F. Tjong Kim Sang', 'Sabine Buchholz']",'Erik F. Tjong Kim Sang'
cs-0009011v1,['Masaki Murata'],'Masaki Murata'
cs-0009015v1,"['Christof Monz', 'Maarten de Rijke']",'Christof Monz'
cs-0009025v1,['Rens Bod'],'Rens Bod'
cs-0009026v1,['Rens Bod'],'Rens Bod'
cs-0010012v1,"['L. Mangu', 'E. Brill', 'A. Stolcke']",'L. Mangu'
cs-0010020v1,['Alexander Yeh'],'Alexander Yeh'
cs-0010024v1,"['Eneko Agirre', 'David Martinez']",'Eneko Agirre'
cs-0010025v1,"['Eneko Agirre', 'Olatz Ansa', 'Xabier Arregi', 'Xabier Artola', 'Arantza Diaz de Ilarraza', 'Mikel Lersundi', 'David Martinez', 'Kepa Sarasola', 'Ruben Urizar']",'Eneko Agirre'
cs-0010026v1,"['Eneko Agirre', 'Olatz Ansa', 'Eduard Hovy', 'David Martinez']",'Eneko Agirre'
cs-0010027v1,"['David Martinez', 'Eneko Agirre']",'David Martinez'
cs-0010030v1,['Andre Kempe'],'Andre Kempe'
cs-0011001v1,"['Atsushi Fujii', 'Tetsuya Ishikawa']",'Atsushi Fujii'
cs-0011002v1,"['Atsushi Fujii', 'Tetsuya Ishikawa']",'Atsushi Fujii'
cs-0011003v1,"['Atsushi Fujii', 'Tetsuya Ishikawa']",'Atsushi Fujii'
cs-0011020v2,['Norbert Broeker'],'Norbert Broeker'
cs-0011034v1,"['Sven Verdoolaege', 'Marc Denecker', 'Ness Schelkens', 'Danny De Schreye', 'Frank Van Eynde']",'Sven Verdoolaege'
cs-0011035v1,"['Sven Verdoolaege', 'Marc Denecker', 'Frank Van Eynde']",'Sven Verdoolaege'
cs-0011040v1,['Rens Bod'],'Rens Bod'
cs-0102020v1,['Anja Belz'],'Anja Belz'
cs-0102021v1,['Daniel Albro'],'Daniel Albro'
cs-0102022v2,"['Jason Eisner', 'Lauri Karttunen', 'Alain Theriault']",'Jason Eisner'
cs-0102026v1,['Victor Kromer'],'Victor Kromer'
cs-0103007v1,['Victor Kromer'],'Victor Kromer'
cs-0103010v1,"['Masaki Murata', 'Kiyotaka Uchimoto', 'Qing Ma', 'Hitoshi Isahara']",'Masaki Murata'
cs-0103011v1,"['Masaki Murata', 'Kiyotaka Uchimoto', 'Qing Ma', 'Hitoshi Isahara']",'Masaki Murata'
cs-0103012v1,"['Masaki Murata', 'Kyoko Kanzaki', 'Kiyotaka Uchimoto', 'Qing Ma', 'Hitoshi Isahara']",'Masaki Murata'
cs-0103013v1,"['Masaki Murata', 'Masao Utiyama', 'Qing Ma', 'Hiromi Ozaku', 'Hitoshi Isahara']",'Masaki Murata'
cs-0103026v1,['Ted Pedersen'],'Ted Pedersen'
cs-0104010v1,['Oleg Kiselyov'],'Oleg Kiselyov'
cs-0104019v1,"['Radu Florian', 'David Yarowsky']",'Radu Florian'
cs-0104022v1,"['Matthew Stone', 'Christine Doran', 'Bonnie Webber', 'Tonia Bleam', 'Martha Palmer']",'Matthew Stone'
cs-0105001v1,"['Masaki Murata', 'Masao Utiyama', 'Kiyotaka Uchimoto', 'Qing Ma', 'Hitoshi Isahara']",'Masaki Murata'
cs-0105002v1,"['Eric Brill', 'Grace Ngai']",'Eric Brill'
cs-0105005v1,"['J. Daudé', 'L. Padró', 'G. Rigau']",'J. Daudé'
cs-0105012v1,['Mark Johnson'],'Mark Johnson'
cs-0105016v1,['Brian Roark'],'Brian Roark'
cs-0105019v1,['Brian Roark'],'Brian Roark'
cs-0105023v1,"['Sylvain Dupuy', 'Arjan Egges', 'Vincent Legendre', 'Pierre Nugues']",'Sylvain Dupuy'
cs-0105035v1,['Victor Kromer'],'Victor Kromer'
cs-0105037v1,"['G. Tur', 'D. Hakkani-Tur', 'A. Stolcke', 'E. Shriberg']",'G. Tur'
cs-0106015v1,"['Atsushi Fujii', 'Tetsuya Ishikawa']",'Atsushi Fujii'
cs-0106043v1,['Yuval Krymolowski'],'Yuval Krymolowski'
cs-0106047v1,['Adwait Ratnaparkhi'],'Adwait Ratnaparkhi'
cs-0107005v1,"['David Fernandez-Amoros', 'Julio Gonzalo', 'Felisa Verdejo']",'David Fernandez-Amoros'
cs-0107006v1,"['Eric Breck', 'Marc Light', 'Gideon S. Mann', 'Ellen Riloff', 'Brianne Brown Pranav Anand', 'Mats Rooth', 'Michael Thelen']",'Eric Breck'
cs-0107016v1,"['Erik F. Tjong Kim Sang', 'Herve Dejean']",'Erik F. Tjong Kim Sang'
cs-0107017v1,"['John Nerbonne', 'Anja Belz', 'Nicola Cancedda', 'Herve Dejean', 'James Hammerton', 'Rob Koeling', 'Stasinos Konstantopoulos', 'Miles Osborne', 'Franck Thollard', 'Erik F. Tjong Kim Sang']",'John Nerbonne'
cs-0107018v1,"['James Hammerton', 'Erik F. Tjong Kim Sang']",'James Hammerton'
cs-0107019v2,"['Min-Yen Kan', 'Kathleen R. McKeown', 'Judith L. Klavans']",'Min-Yen Kan'
cs-0107020v1,"['Grace Ngai', 'Radu Florian']",'Grace Ngai'
cs-0107021v1,"['Radu Florian', 'Grace Ngai']",'Radu Florian'
cs-0108005v1,['Joshua Goodman'],'Joshua Goodman'
cs-0108006v1,['Joshua Goodman'],'Joshua Goodman'
cs-0108022v1,['Ciprian Chelba'],'Ciprian Chelba'
cs-0109010v2,"['Bonnie Webber', 'Matthew Stone', 'Aravind Joshi', 'Alistair Knott']",'Bonnie Webber'
cs-0109015v1,"['Xavier Carreras', 'Lluis Marquez']",'Xavier Carreras'
cs-0109020v1,['Pascal Vaillant'],'Pascal Vaillant'
cs-0109029v1,"['E. Agirre', 'D. Martinez']",'E. Agirre'
cs-0109030v1,"['Eneko Agirre', 'David Martinez']",'Eneko Agirre'
cs-0109031v2,"['Eneko Agirre', 'Olatz Ansa', 'Eduard Hovy', 'David Martinez']",'Eneko Agirre'
cs-0109039v1,"['John Constable', 'Hideaki Aoyama']",'John Constable'
cs-0110015v1,"['Ciprian Chelba', 'Peng Xu']",'Ciprian Chelba'
cs-0110027v1,['Andre Kempe'],'Andre Kempe'
cs-0110050v1,['Rens Bod'],'Rens Bod'
cs-0110051v1,['Rens Bod'],'Rens Bod'
cs-0111064v1,['Anand Venkataraman'],'Anand Venkataraman'
cs-0111065v1,['Anand Venkataraman'],'Anand Venkataraman'
cs-0112003v1,"['Masaki Murata', 'Kiyotaka Uchimoto', 'Qing Ma', 'Hitoshi Isahara']",'Masaki Murata'
cs-0112004v1,"['Masaki Murata', 'Qing Ma', 'Hitoshi Isahara']",'Masaki Murata'
cs-0112005v1,"['Masaki Murata', 'Hitoshi Isahara']",'Masaki Murata'
cs-0204003v1,['David N. Levin'],'David N. Levin'
cs-0204007v1,"['Scott Cotton', 'Steven Bird']",'Scott Cotton'
cs-0204022v1,"['Christopher Cieri', 'Steven Bird']",'Christopher Cieri'
cs-0204023v1,['Steven Bird'],'Steven Bird'
cs-0204025v1,['Steven Bird'],'Steven Bird'
cs-0204027v1,"['Eneko Agirre', 'David Martinez']",'Eneko Agirre'
cs-0204028v1,"['Eneko Agirre', 'David Martinez']",'Eneko Agirre'
cs-0204029v1,"['Eneko Agirre', 'Elena Garcia', 'Mikel Lersundi', 'David Martinez', 'Eli Pociello']",'Eneko Agirre'
cs-0204049v1,['Erik F. Tjong Kim Sang'],'Erik F. Tjong Kim Sang'
cs-0205006v1,"['Marco Baroni', 'Johannes Matiasek', 'Harald Trost']",'Marco Baroni'
cs-0205009v1,"['Rie Kubota Ando', 'Lillian Lee']",'Rie Kubota Ando'
cs-0205017v1,"['Georgios Petasis', 'Vangelis Karkaletsis', 'Georgios Paliouras', 'Ion Androutsopoulos', 'Constantine D. Spyropoulos']",'Georgios Petasis'
cs-0205027v1,['Chung-chieh Shan'],'Chung-chieh Shan'
cs-0205028v1,"['Edward Loper', 'Steven Bird']",'Edward Loper'
cs-0205057v1,"['Mathias Creutz', 'Krista Lagus']",'Mathias Creutz'
cs-0205065v1,"['Regina Barzilay', 'Lillian Lee']",'Regina Barzilay'
cs-0205067v1,['Ted Pedersen'],'Ted Pedersen'
cs-0205068v1,['Ted Pedersen'],'Ted Pedersen'
cs-0205069v1,['Ted Pedersen'],'Ted Pedersen'
cs-0206014v1,"['Atsushi Fujii', 'Katunobu Itou', 'Tetsuya Ishikawa']",'Atsushi Fujii'
cs-0206015v1,"['Atsushi Fujii', 'Tetsuya Ishikawa']",'Atsushi Fujii'
cs-0206030v1,"['Kazuhiro Seki', 'Atsushi Fujii', 'Tetsuya Ishikawa']",'Kazuhiro Seki'
cs-0206034v1,"['Masatoshi Fukui', 'Shigeto Higuchi', 'Youichi Nakatani', 'Masao Tanaka', 'Atsushi Fujii', 'Tetsuya Ishikawa']",'Masatoshi Fukui'
cs-0206035v1,"['Shigeto Higuchi', 'Masatoshi Fukui', 'Atsushi Fujii', 'Tetsuya Ishikawa']",'Shigeto Higuchi'
cs-0206036v1,"['Katunobu Itou', 'Atsushi Fujii', 'Tetsuya Ishikawa']",'Katunobu Itou'
cs-0206037v1,"['Atsushi Fujii', 'Katunobu Itou', 'Tetsuya Ishikawa']",'Atsushi Fujii'
cs-0207002v1,"['Mikhail Belkin', 'John Goldsmith']",'Mikhail Belkin'
cs-0207003v1,"['Yasuko Senda', 'Yasusi Sinohara']",'Yasuko Senda'
cs-0207005v1,"['Melanie Siegel', 'Emily M. Bender']",'Melanie Siegel'
cs-0208020v1,"['Masaki Murata', 'Hitoshi Isahara']",'Masaki Murata'
cs-0208035v1,"['Andrei Popescu-Belis', 'Isabelle Robba']",'Andrei Popescu-Belis'
cs-0208036v1,"['Andrei Popescu-Belis', 'Isabelle Robba']",'Andrei Popescu-Belis'
cs-0208037v1,"['Andrei Popescu-Belis', 'Isabelle Robba']",'Andrei Popescu-Belis'
cs-0208038v1,"['Andrei Popescu-Belis', 'Isabelle Robba', 'Gerard Sabah']",'Andrei Popescu-Belis'
cs-0209002v1,['Pascal Vaillant'],'Pascal Vaillant'
cs-0209003v1,"['J. Pustejovsky', 'A. Rumshisky', 'J. Castano']",'J. Pustejovsky'
cs-0209010v1,['Erik F. Tjong Kim Sang'],'Erik F. Tjong Kim Sang'
cs-0211017v1,"['Mark-Jan Nederhof', 'Giorgio Satta']",'Mark-Jan Nederhof'
cs-0212015v1,['Peter D. Turney'],'Peter D. Turney'
cs-0302014v1,"['Akshar Bharati', 'V. Sriram', 'A. Vamshi Krishna', 'Rajeev Sangal', 'S. M. Bendre']",'Akshar Bharati'
cs-0302032v1,"['Philipp Koehn', 'Kevin Knight']",'Philipp Koehn'
cs-0303002v2,['V. P. Maslov'],'V. P. Maslov'
cs-0303007v1,['Kromer Victor'],'Kromer Victor'
cs-0304006v1,"['Regina Barzilay', 'Lillian Lee']",'Regina Barzilay'
cs-0304019v1,['David N. Levin'],'David N. Levin'
cs-0304024v1,['Kromer Victor'],'Kromer Victor'
cs-0304027v1,['Lillian Lee'],'Lillian Lee'
cs-0304029v1,"['Dietmar Roesner', 'Manuela Kunze']",'Dietmar Roesner'
cs-0304035v1,"['Dietmar Roesner', 'Manuela Kunze']",'Dietmar Roesner'
cs-0304036v1,"['Manuela Kunze', 'Chun Xiao']",'Manuela Kunze'
cs-0305041v2,['Wei Wang'],'Wei Wang'
cs-0306050v1,"['Erik F. Tjong Kim Sang', 'Fien De Meulder']",'Erik F. Tjong Kim Sang'
cs-0306062v1,"['Aggeliki Dimitromanolaki', 'Ion Androutsopoulos']",'Aggeliki Dimitromanolaki'
cs-0306099v1,"['Baoli Li', 'Shiwen Yu', 'Qin Lu']",'Baoli Li'
cs-0307028v1,['Koiti Hasida'],'Koiti Hasida'
cs-0307030v1,"['Koiti Hasida', 'Takashi Miyata']",'Koiti Hasida'
cs-0307044v1,['Koiti Hasida'],'Koiti Hasida'
cs-0308016v1,"['Akshar Bharati', 'Rajeev Sangal']",'Akshar Bharati'
cs-0308017v1,"['Akshar Bharati', 'Vineet Chaitanya', 'Rajeev Sangal']",'Akshar Bharati'
cs-0308018v1,"['Akshar Bharati', 'Vineet Chaitanya', 'Amba P. Kulkarni', 'Rajeev Sangal', 'G Umamaheshwara Rao']",'Akshar Bharati'
cs-0308019v1,"['Akshar Bharati', 'Vineet Chaitanya', 'Amba P. Kulkarni', 'Rajeev Sangal']",'Akshar Bharati'
cs-0308020v1,"['Akshar Bharati', 'Dipti M Sharma', 'Vineet Chaitanya', 'Amba P Kulkarni', 'Rajeev Sangal', 'Durgesh D Rao']",'Akshar Bharati'
cs-0309019v1,"['Atsushi Fujii', 'Katunobu Itou']",'Atsushi Fujii'
cs-0309021v1,"['Atsushi Fujii', 'Katunobu Itou', 'Tomoyosi Akiba', 'Tetsuya Ishikawa']",'Atsushi Fujii'
cs-0310014v1,"['Rodney J. Clarke', 'Philip C. Windridge', 'Dali Dong']",'Rodney J. Clarke'
cs-0310058v1,"['Rodney J. Clarke', 'Dali Dong', 'Philip C. Windridge']",'Rodney J. Clarke'
cs-0311033v1,"['Solomija N. Buk', 'Andrij A. Rovenchak']",'Solomija N. Buk'
cs-0311036v1,"['Dinoj Surendran', 'Partha Niyogi']",'Dinoj Surendran'
cs-0402055v1,['Solomiya Buk'],'Solomiya Buk'
cs-0404007v1,['Chung-chieh Shan'],'Chung-chieh Shan'
cs-0404009v1,"['Mark-Jan Nederhof', 'Giorgio Satta']",'Mark-Jan Nederhof'
cs-0404025v1,"['Atsushi Fujii', 'Makoto Iwayama', 'Noriko Kando']",'Atsushi Fujii'
cs-0405037v1,"['G. E. Miram', 'V. K. Petrov']",'G. E. Miram'
cs-0405039v1,"['Regina Barzilay', 'Lillian Lee']",'Regina Barzilay'
cs-0406031v1,"['Long Qiu', 'Min-Yen Kan', 'Tat-Seng Chua']",'Long Qiu'
cs-0406054v1,['J. J. Paijmans'],'J. J. Paijmans'
cs-0407002v1,"['Lea Cyrus', 'Hendrik Feddes', 'Frank Schumacher']",'Lea Cyrus'
cs-0407005v3,"['I. Dan Melamed', 'Wei Wang']",'I. Dan Melamed'
cs-0407026v1,"['Atsushi Fujii', 'Tetsuya Ishikawa']",'Atsushi Fujii'
cs-0407027v1,"['Atsushi Fujii', 'Katunobu Itou', 'Tomoyosi Akiba', 'Tetsuya Ishikawa']",'Atsushi Fujii'
cs-0407028v1,"['Tomoyosi Akiba', 'Atsushi Fujii', 'Katunobu Itou']",'Tomoyosi Akiba'
cs-0407046v1,"['Wojciech Skut', 'Stefan Ulrich', 'Kathrine Hammervold']",'Wojciech Skut'
cs-0408052v1,['Daniel Yacob'],'Daniel Yacob'
cs-0408059v1,"['Ch. Tsalidis', 'G. Orphanos', 'A. Iordanidou', 'A. Vagelatos']",'Ch. Tsalidis'
cs-0408060v1,"['Gabriel G. Bes', 'Lionel Lamadon', 'Francois Trouilleux']",'Gabriel G. Bes'
cs-0408061v1,"['Ch. Tsalidis', 'A. Vagelatos', 'G. Orphanos']",'Ch. Tsalidis'
cs-0409008v1,"['Lea Cyrus', 'Hendrik Feddes']",'Lea Cyrus'
cs-0409058v1,"['Bo Pang', 'Lillian Lee']",'Bo Pang'
cs-0412015v2,['Detlef Prescher'],'Detlef Prescher'
cs-0412016v1,['Detlef Prescher'],'Detlef Prescher'
cs-0412114v1,"['Martin Rajman', 'Martin Vesely', 'Pierre Andrews']",'Martin Rajman'
cs-0412117v1,"['Pierre Andrews', 'Martin Rajman']",'Pierre Andrews'
cs-0501078v1,"['Liang Zhou', 'Miruna Ticrea', 'Eduard Hovy']",'Liang Zhou'
cs-0504022v1,['Lillian Lee'],'Lillian Lee'
cs-0510015v1,['Laurent Audibert'],'Laurent Audibert'
cs-0511076v1,"['Blaise Potard', 'Yves Laprie']",'Blaise Potard'
cs-0511079v1,"['Jean-Baptiste Maj', 'Anne Bonneau', 'Dominique Fohr', 'Yves Laprie']",'Jean-Baptiste Maj'
cs-0512102v1,"['Solomija Buk', 'Andrij Rovenchak']",'Solomija Buk'
cs-0601005v1,"['J-Y Ke', 'Y. Yao']",'J-Y Ke'
cs-0604027v1,"['Majid Khayari', 'Stéphane Schneider', 'Isabelle Kramer', 'Laurent Romary', 'the termsciences Collaboration']",'Majid Khayari'
cs-0606006v1,"['Peter Wittenburg', 'Daan Broeder', 'Wolfgang Klein', 'Stephen Levinson', 'Laurent Romary']",'Peter Wittenburg'
cs-0606096v1,['Lea Cyrus'],'Lea Cyrus'
cs-0607051v1,['Catherine Recanati'],'Catherine Recanati'
cs-0609019v1,"['Sophie Aubin', 'Thierry Hamon']",'Sophie Aubin'
cs-0609043v1,"['Françoise Gayral', 'Daniel Kayser', 'François Lévy']",'Françoise Gayral'
cs-0609044v1,"['Françoise Gayral', 'Daniel Kayser', 'François Lévy']",'Françoise Gayral'
cs-0609058v1,"['Ralf Steinberger', 'Bruno Pouliquen', 'Anna Widiger', 'Camelia Ignat', 'Tomaz Erjavec', 'Dan Tufis', 'Daniel Varga']",'Ralf Steinberger'
cs-0610116v1,['Tuomo Kakkonen'],'Tuomo Kakkonen'
cs-0610124v1,['Tuomo Kakkonen'],'Tuomo Kakkonen'
cs-0611026v1,"['Susanne Salmon-Alt', 'Laurent Romary', 'Jean-Marie Pierrel']",'Susanne Salmon-Alt'
cs-0611069v1,['Guillaume Pitel'],'Guillaume Pitel'
cs-0611113v1,['Maurice HT Ling'],'Maurice HT Ling'
cs-0701135v1,['Jinyun KE'],'Jinyun KE'
cs-0701181v1,['Fionn Murtagh'],'Fionn Murtagh'
cs-0701194v1,"['Solomija Buk', 'Andrij Rovenchak']",'Solomija Buk'
cs-0702081v1,['Rick Dale'],'Rick Dale'
